-- -------------------------------------------------------------
-- MOCK DATA POPULATION SCRIPT FOR STUDENT PLACEMENT ATTACHMENT SYSTEM
-- Designed for Faculty of Science, Dept of Computer and Information Science
-- -------------------------------------------------------------

SET FOREIGN_KEY_CHECKS = 0;

-- Drop and recreate the logbook table to align with the application model
DROP TABLE IF EXISTS `logbookentry`;
DROP TABLE IF EXISTS `logbook`;

CREATE TABLE `logbook` (
  `LogbookID` int(11) NOT NULL AUTO_INCREMENT,
  `AttachmentID` int(11) NOT NULL,
  `WeekNumber` int(11) NOT NULL,
  `StartDate` date DEFAULT NULL,
  `EndDate` date DEFAULT NULL,
  `Activities` text DEFAULT NULL,
  `Status` varchar(20) DEFAULT 'Pending',
  `EntryDate` datetime DEFAULT CURRENT_TIMESTAMP,
  `SubmittedAt` timestamp DEFAULT CURRENT_TIMESTAMP,
  `AcademicSupervisorComments` text DEFAULT NULL,
  `HostSupervisorComments` text DEFAULT NULL,
  PRIMARY KEY (`LogbookID`),
  UNIQUE KEY `unique_week` (`AttachmentID`, `WeekNumber`),
  CONSTRAINT `logbook_ibfk_1` FOREIGN KEY (`AttachmentID`) REFERENCES `attachment` (`AttachmentID`) ON DELETE CASCADE
) ENGINE=InnoDB DEFAULT CHARSET=utf8mb4 COLLATE=utf8mb4_general_ci;

-- Align other tables with the PHP code
ALTER TABLE `attachmentapplication` ADD COLUMN IF NOT EXISTS `FinancialClearanceStatus` varchar(20) DEFAULT 'Pending';
ALTER TABLE `attachmentapplication` ADD COLUMN IF NOT EXISTS `StartDate` date DEFAULT NULL;
ALTER TABLE `attachmentapplication` ADD COLUMN IF NOT EXISTS `EndDate` date DEFAULT NULL;

ALTER TABLE `attachment` ADD COLUMN IF NOT EXISTS `ClearedAt` timestamp NULL DEFAULT NULL;

ALTER TABLE `jobapplication` ADD COLUMN IF NOT EXISTS `RejectionReason` text DEFAULT NULL;

ALTER TABLE `assessment` ADD COLUMN IF NOT EXISTS `Status` varchar(20) DEFAULT 'Completed';
ALTER TABLE `assessment` ADD COLUMN IF NOT EXISTS `SupervisionComments` text DEFAULT NULL;

-- Truncate existing data to start clean
TRUNCATE TABLE `assessment`;
TRUNCATE TABLE `supervision`;
TRUNCATE TABLE `logbook`;
TRUNCATE TABLE `finalreport`;
TRUNCATE TABLE `jobapplication`;
TRUNCATE TABLE `attachmentopportunity`;
TRUNCATE TABLE `attachment`;
TRUNCATE TABLE `attachmentapplication`;
TRUNCATE TABLE `student`;
TRUNCATE TABLE `lecturer`;
TRUNCATE TABLE `hostorganization`;
TRUNCATE TABLE `users`;

SET FOREIGN_KEY_CHECKS = 1;

-- -------------------------------------------------------------
-- 1. POPULATE USERS TABLE
-- (Password hash is bcrypt for 'password123')
-- -------------------------------------------------------------
INSERT INTO `users` (`UserID`, `Username`, `Password`, `Role`, `Status`) VALUES
-- Admin
(1, 'A001', '$2y$10$rBWnjFO6Ysq3kwlXuTU8Xuwal32dSu3JECGRnTJkSbQ5Us79HGhn.', 'Admin', 'Active'),

-- Lecturers (Staff 101 to 120)
(10, 'STAFF-101', '$2y$10$rBWnjFO6Ysq3kwlXuTU8Xuwal32dSu3JECGRnTJkSbQ5Us79HGhn.', 'Lecturer', 'Active'),
(11, 'STAFF-102', '$2y$10$rBWnjFO6Ysq3kwlXuTU8Xuwal32dSu3JECGRnTJkSbQ5Us79HGhn.', 'Lecturer', 'Active'),
(12, 'STAFF-103', '$2y$10$rBWnjFO6Ysq3kwlXuTU8Xuwal32dSu3JECGRnTJkSbQ5Us79HGhn.', 'Lecturer', 'Active'),
(13, 'STAFF-104', '$2y$10$rBWnjFO6Ysq3kwlXuTU8Xuwal32dSu3JECGRnTJkSbQ5Us79HGhn.', 'Lecturer', 'Active'),
(14, 'STAFF-105', '$2y$10$rBWnjFO6Ysq3kwlXuTU8Xuwal32dSu3JECGRnTJkSbQ5Us79HGhn.', 'Lecturer', 'Active'),
(15, 'STAFF-106', '$2y$10$rBWnjFO6Ysq3kwlXuTU8Xuwal32dSu3JECGRnTJkSbQ5Us79HGhn.', 'Lecturer', 'Active'),
(16, 'STAFF-107', '$2y$10$rBWnjFO6Ysq3kwlXuTU8Xuwal32dSu3JECGRnTJkSbQ5Us79HGhn.', 'Lecturer', 'Active'),
(17, 'STAFF-108', '$2y$10$rBWnjFO6Ysq3kwlXuTU8Xuwal32dSu3JECGRnTJkSbQ5Us79HGhn.', 'Lecturer', 'Active'),
(18, 'STAFF-109', '$2y$10$rBWnjFO6Ysq3kwlXuTU8Xuwal32dSu3JECGRnTJkSbQ5Us79HGhn.', 'Lecturer', 'Active'),
(19, 'STAFF-110', '$2y$10$rBWnjFO6Ysq3kwlXuTU8Xuwal32dSu3JECGRnTJkSbQ5Us79HGhn.', 'Lecturer', 'Active'),
(20, 'STAFF-111', '$2y$10$rBWnjFO6Ysq3kwlXuTU8Xuwal32dSu3JECGRnTJkSbQ5Us79HGhn.', 'Lecturer', 'Active'),
(21, 'STAFF-112', '$2y$10$rBWnjFO6Ysq3kwlXuTU8Xuwal32dSu3JECGRnTJkSbQ5Us79HGhn.', 'Lecturer', 'Active'),
(22, 'STAFF-113', '$2y$10$rBWnjFO6Ysq3kwlXuTU8Xuwal32dSu3JECGRnTJkSbQ5Us79HGhn.', 'Lecturer', 'Active'),
(23, 'STAFF-114', '$2y$10$rBWnjFO6Ysq3kwlXuTU8Xuwal32dSu3JECGRnTJkSbQ5Us79HGhn.', 'Lecturer', 'Active'),
(24, 'STAFF-115', '$2y$10$rBWnjFO6Ysq3kwlXuTU8Xuwal32dSu3JECGRnTJkSbQ5Us79HGhn.', 'Lecturer', 'Active'),
(25, 'STAFF-116', '$2y$10$rBWnjFO6Ysq3kwlXuTU8Xuwal32dSu3JECGRnTJkSbQ5Us79HGhn.', 'Lecturer', 'Active'),
(26, 'STAFF-117', '$2y$10$rBWnjFO6Ysq3kwlXuTU8Xuwal32dSu3JECGRnTJkSbQ5Us79HGhn.', 'Lecturer', 'Active'),
(27, 'STAFF-118', '$2y$10$rBWnjFO6Ysq3kwlXuTU8Xuwal32dSu3JECGRnTJkSbQ5Us79HGhn.', 'Lecturer', 'Active'),
(28, 'STAFF-119', '$2y$10$rBWnjFO6Ysq3kwlXuTU8Xuwal32dSu3JECGRnTJkSbQ5Us79HGhn.', 'Lecturer', 'Active'),
(29, 'STAFF-120', '$2y$10$rBWnjFO6Ysq3kwlXuTU8Xuwal32dSu3JECGRnTJkSbQ5Us79HGhn.', 'Lecturer', 'Active'),

-- Students (1000001 to 1000030)
(100, '1000001', '$2y$10$rBWnjFO6Ysq3kwlXuTU8Xuwal32dSu3JECGRnTJkSbQ5Us79HGhn.', 'Student', 'Active'),
(101, '1000002', '$2y$10$rBWnjFO6Ysq3kwlXuTU8Xuwal32dSu3JECGRnTJkSbQ5Us79HGhn.', 'Student', 'Active'),
(102, '1000003', '$2y$10$rBWnjFO6Ysq3kwlXuTU8Xuwal32dSu3JECGRnTJkSbQ5Us79HGhn.', 'Student', 'Active'),
(103, '1000004', '$2y$10$rBWnjFO6Ysq3kwlXuTU8Xuwal32dSu3JECGRnTJkSbQ5Us79HGhn.', 'Student', 'Active'),
(104, '1000005', '$2y$10$rBWnjFO6Ysq3kwlXuTU8Xuwal32dSu3JECGRnTJkSbQ5Us79HGhn.', 'Student', 'Active'),
(105, '1000006', '$2y$10$rBWnjFO6Ysq3kwlXuTU8Xuwal32dSu3JECGRnTJkSbQ5Us79HGhn.', 'Student', 'Active'),
(106, '1000007', '$2y$10$rBWnjFO6Ysq3kwlXuTU8Xuwal32dSu3JECGRnTJkSbQ5Us79HGhn.', 'Student', 'Active'),
(107, '1000008', '$2y$10$rBWnjFO6Ysq3kwlXuTU8Xuwal32dSu3JECGRnTJkSbQ5Us79HGhn.', 'Student', 'Active'),
(108, '1000009', '$2y$10$rBWnjFO6Ysq3kwlXuTU8Xuwal32dSu3JECGRnTJkSbQ5Us79HGhn.', 'Student', 'Active'),
(109, '1000010', '$2y$10$rBWnjFO6Ysq3kwlXuTU8Xuwal32dSu3JECGRnTJkSbQ5Us79HGhn.', 'Student', 'Active'),
(110, '1000011', '$2y$10$rBWnjFO6Ysq3kwlXuTU8Xuwal32dSu3JECGRnTJkSbQ5Us79HGhn.', 'Student', 'Active'),
(111, '1000012', '$2y$10$rBWnjFO6Ysq3kwlXuTU8Xuwal32dSu3JECGRnTJkSbQ5Us79HGhn.', 'Student', 'Active'),
(112, '1000013', '$2y$10$rBWnjFO6Ysq3kwlXuTU8Xuwal32dSu3JECGRnTJkSbQ5Us79HGhn.', 'Student', 'Active'),
(113, '1000014', '$2y$10$rBWnjFO6Ysq3kwlXuTU8Xuwal32dSu3JECGRnTJkSbQ5Us79HGhn.', 'Student', 'Active'),
(114, '1000015', '$2y$10$rBWnjFO6Ysq3kwlXuTU8Xuwal32dSu3JECGRnTJkSbQ5Us79HGhn.', 'Student', 'Active'),
(115, '1000016', '$2y$10$rBWnjFO6Ysq3kwlXuTU8Xuwal32dSu3JECGRnTJkSbQ5Us79HGhn.', 'Student', 'Active'),
(116, '1000017', '$2y$10$rBWnjFO6Ysq3kwlXuTU8Xuwal32dSu3JECGRnTJkSbQ5Us79HGhn.', 'Student', 'Active'),
(117, '1000018', '$2y$10$rBWnjFO6Ysq3kwlXuTU8Xuwal32dSu3JECGRnTJkSbQ5Us79HGhn.', 'Student', 'Active'),
(118, '1000019', '$2y$10$rBWnjFO6Ysq3kwlXuTU8Xuwal32dSu3JECGRnTJkSbQ5Us79HGhn.', 'Student', 'Active'),
(119, '1000020', '$2y$10$rBWnjFO6Ysq3kwlXuTU8Xuwal32dSu3JECGRnTJkSbQ5Us79HGhn.', 'Student', 'Active'),
(120, '1000021', '$2y$10$rBWnjFO6Ysq3kwlXuTU8Xuwal32dSu3JECGRnTJkSbQ5Us79HGhn.', 'Student', 'Active'),
(121, '1000022', '$2y$10$rBWnjFO6Ysq3kwlXuTU8Xuwal32dSu3JECGRnTJkSbQ5Us79HGhn.', 'Student', 'Active'),
(122, '1000023', '$2y$10$rBWnjFO6Ysq3kwlXuTU8Xuwal32dSu3JECGRnTJkSbQ5Us79HGhn.', 'Student', 'Active'),
(123, '1000024', '$2y$10$rBWnjFO6Ysq3kwlXuTU8Xuwal32dSu3JECGRnTJkSbQ5Us79HGhn.', 'Student', 'Active'),
(124, '1000025', '$2y$10$rBWnjFO6Ysq3kwlXuTU8Xuwal32dSu3JECGRnTJkSbQ5Us79HGhn.', 'Student', 'Active'),
(125, '1000026', '$2y$10$rBWnjFO6Ysq3kwlXuTU8Xuwal32dSu3JECGRnTJkSbQ5Us79HGhn.', 'Student', 'Active'),
(126, '1000027', '$2y$10$rBWnjFO6Ysq3kwlXuTU8Xuwal32dSu3JECGRnTJkSbQ5Us79HGhn.', 'Student', 'Active'),
(127, '1000028', '$2y$10$rBWnjFO6Ysq3kwlXuTU8Xuwal32dSu3JECGRnTJkSbQ5Us79HGhn.', 'Student', 'Active'),
(128, '1000029', '$2y$10$rBWnjFO6Ysq3kwlXuTU8Xuwal32dSu3JECGRnTJkSbQ5Us79HGhn.', 'Student', 'Active'),
(129, '1000030', '$2y$10$rBWnjFO6Ysq3kwlXuTU8Xuwal32dSu3JECGRnTJkSbQ5Us79HGhn.', 'Student', 'Active'),

-- Host Organizations (H001 to H018)
(200, 'H001', '$2y$10$rBWnjFO6Ysq3kwlXuTU8Xuwal32dSu3JECGRnTJkSbQ5Us79HGhn.', 'Host Organization', 'Active'),
(201, 'H002', '$2y$10$rBWnjFO6Ysq3kwlXuTU8Xuwal32dSu3JECGRnTJkSbQ5Us79HGhn.', 'Host Organization', 'Active'),
(202, 'H003', '$2y$10$rBWnjFO6Ysq3kwlXuTU8Xuwal32dSu3JECGRnTJkSbQ5Us79HGhn.', 'Host Organization', 'Active'),
(203, 'H004', '$2y$10$rBWnjFO6Ysq3kwlXuTU8Xuwal32dSu3JECGRnTJkSbQ5Us79HGhn.', 'Host Organization', 'Active'),
(204, 'H005', '$2y$10$rBWnjFO6Ysq3kwlXuTU8Xuwal32dSu3JECGRnTJkSbQ5Us79HGhn.', 'Host Organization', 'Active'),
(205, 'H006', '$2y$10$rBWnjFO6Ysq3kwlXuTU8Xuwal32dSu3JECGRnTJkSbQ5Us79HGhn.', 'Host Organization', 'Active'),
(206, 'H007', '$2y$10$rBWnjFO6Ysq3kwlXuTU8Xuwal32dSu3JECGRnTJkSbQ5Us79HGhn.', 'Host Organization', 'Active'),
(207, 'H008', '$2y$10$rBWnjFO6Ysq3kwlXuTU8Xuwal32dSu3JECGRnTJkSbQ5Us79HGhn.', 'Host Organization', 'Active'),
(208, 'H009', '$2y$10$rBWnjFO6Ysq3kwlXuTU8Xuwal32dSu3JECGRnTJkSbQ5Us79HGhn.', 'Host Organization', 'Active'),
(209, 'H010', '$2y$10$rBWnjFO6Ysq3kwlXuTU8Xuwal32dSu3JECGRnTJkSbQ5Us79HGhn.', 'Host Organization', 'Active'),
(210, 'H011', '$2y$10$rBWnjFO6Ysq3kwlXuTU8Xuwal32dSu3JECGRnTJkSbQ5Us79HGhn.', 'Host Organization', 'Active'),
(211, 'H012', '$2y$10$rBWnjFO6Ysq3kwlXuTU8Xuwal32dSu3JECGRnTJkSbQ5Us79HGhn.', 'Host Organization', 'Active'),
(212, 'H013', '$2y$10$rBWnjFO6Ysq3kwlXuTU8Xuwal32dSu3JECGRnTJkSbQ5Us79HGhn.', 'Host Organization', 'Active'),
(213, 'H014', '$2y$10$rBWnjFO6Ysq3kwlXuTU8Xuwal32dSu3JECGRnTJkSbQ5Us79HGhn.', 'Host Organization', 'Active'),
(214, 'H015', '$2y$10$rBWnjFO6Ysq3kwlXuTU8Xuwal32dSu3JECGRnTJkSbQ5Us79HGhn.', 'Host Organization', 'Active'),
(215, 'H016', '$2y$10$rBWnjFO6Ysq3kwlXuTU8Xuwal32dSu3JECGRnTJkSbQ5Us79HGhn.', 'Host Organization', 'Active'),
(216, 'H017', '$2y$10$rBWnjFO6Ysq3kwlXuTU8Xuwal32dSu3JECGRnTJkSbQ5Us79HGhn.', 'Host Organization', 'Active'),
(217, 'H018', '$2y$10$rBWnjFO6Ysq3kwlXuTU8Xuwal32dSu3JECGRnTJkSbQ5Us79HGhn.', 'Host Organization', 'Active');

-- -------------------------------------------------------------
-- 2. POPULATE LECTURER TABLE
-- -------------------------------------------------------------
INSERT INTO `lecturer` (`LecturerID`, `UserID`, `StaffNumber`, `Name`, `Department`, `Faculty`, `Role`, `Email`) VALUES
-- Admin profile
(1, 1, 'A001', 'Prof. John Muthama', 'Computer and Information Science', 'Faculty of Science', 'Admin', 'john.muthama@staff.cuea.edu'),

-- Lecturers (2 to 21)
(2, 10, 'STAFF-101', 'Dr. Andrew Ndegwa', 'Computer and Information Science', 'Faculty of Science', 'Supervisor', 'andrew.ndegwa@staff.cuea.edu'),
(3, 11, 'STAFF-102', 'Prof. Rosemary Wanja', 'Computer and Information Science', 'Faculty of Science', 'Supervisor', 'rosemary.wanja@staff.cuea.edu'),
(4, 12, 'STAFF-103', 'Dr. Josephat Oburu', 'Computer and Information Science', 'Faculty of Science', 'Supervisor', 'josephat.oburu@staff.cuea.edu'),
(5, 13, 'STAFF-104', 'Ms. Tabitha Nyaboke', 'Computer and Information Science', 'Faculty of Science', 'Supervisor', 'tabitha.nyaboke@staff.cuea.edu'),
(6, 14, 'STAFF-105', 'Mr. Silas Kipkorir', 'Computer and Information Science', 'Faculty of Science', 'Supervisor', 'silas.kipkorir@staff.cuea.edu'),
(7, 15, 'STAFF-106', 'Dr. Agnes Mutisya', 'Computer and Information Science', 'Faculty of Science', 'Supervisor', 'agnes.mutisya@staff.cuea.edu'),
(8, 16, 'STAFF-107', 'Prof. Fredrick Ochieng', 'Computer and Information Science', 'Faculty of Science', 'Supervisor', 'fredrick.ochieng@staff.cuea.edu'),
(9, 17, 'STAFF-108', 'Ms. Beatrice Kemunto', 'Computer and Information Science', 'Faculty of Science', 'Supervisor', 'beatrice.kemunto@staff.cuea.edu'),
(10, 18, 'STAFF-109', 'Dr. Paul Kiprop', 'Computer and Information Science', 'Faculty of Science', 'Supervisor', 'paul.kiprop@staff.cuea.edu'),
(11, 19, 'STAFF-110', 'Mr. David Mwangi', 'Computer and Information Science', 'Faculty of Science', 'Supervisor', 'david.mwangi@staff.cuea.edu'),
(12, 20, 'STAFF-111', 'Dr. Lucy Wambui', 'Computer and Information Science', 'Faculty of Science', 'Supervisor', 'lucy.wambui@staff.cuea.edu'),
(13, 21, 'STAFF-112', 'Prof. Charles Otieno', 'Computer and Information Science', 'Faculty of Science', 'Supervisor', 'charles.otieno@staff.cuea.edu'),
(14, 22, 'STAFF-113', 'Mr. Evans Kosgei', 'Computer and Information Science', 'Faculty of Science', 'Supervisor', 'evans.kosgei@staff.cuea.edu'),
(15, 23, 'STAFF-114', 'Ms. Grace Mutua', 'Computer and Information Science', 'Faculty of Science', 'Supervisor', 'grace.mutua@staff.cuea.edu'),
(16, 24, 'STAFF-115', 'Dr. Patrick Omwamba', 'Computer and Information Science', 'Faculty of Science', 'Supervisor', 'patrick.omwamba@staff.cuea.edu'),
(17, 25, 'STAFF-116', 'Prof. Amina Hassan', 'Computer and Information Science', 'Faculty of Science', 'Supervisor', 'amina.hassan@staff.cuea.edu'),
(18, 26, 'STAFF-117', 'Mr. Benson Onyango', 'Computer and Information Science', 'Faculty of Science', 'Supervisor', 'benson.onyango@staff.cuea.edu'),
(19, 27, 'STAFF-118', 'Dr. Faith Chepngetich', 'Computer and Information Science', 'Faculty of Science', 'Supervisor', 'faith.chepngetich@staff.cuea.edu'),
(20, 28, 'STAFF-119', 'Ms. Sarah Nafula', 'Computer and Information Science', 'Faculty of Science', 'Supervisor', 'sarah.nafula@staff.cuea.edu'),
(21, 29, 'STAFF-120', 'Dr. Brian Mwenda', 'Computer and Information Science', 'Faculty of Science', 'Supervisor', 'brian.mwenda@staff.cuea.edu');

-- -------------------------------------------------------------
-- 3. POPULATE STUDENT TABLE
-- -------------------------------------------------------------
INSERT INTO `student` (`StudentID`, `UserID`, `FirstName`, `LastName`, `Course`, `Faculty`, `YearOfStudy`, `PhoneNumber`, `Email`, `EligibilityStatus`, `Department`) VALUES
(1, 100, 'John', 'Kamau', 'Bachelor of Science in Computer Science', 'Faculty of Science', 3, '+254701234567', 'kamau.john@std.cuea.edu', 'Eligible', 'Computer and Information Science'),
(2, 101, 'Mercy', 'Wanjiku', 'Bachelor of Science in Information Technology', 'Faculty of Science', 3, '+254702345678', 'wanjiku.mercy@std.cuea.edu', 'Eligible', 'Computer and Information Science'),
(3, 102, 'David', 'Omondi', 'Bachelor of Science in Computer Technology', 'Faculty of Science', 3, '+254703456789', 'omondi.david@std.cuea.edu', 'Eligible', 'Computer and Information Science'),
(4, 103, 'Grace', 'Mutua', 'Bachelor of Science in Computer Science', 'Faculty of Science', 3, '+254704567890', 'mutua.grace@std.cuea.edu', 'Eligible', 'Computer and Information Science'),
(5, 104, 'Patrick', 'Mwangi', 'Bachelor of Science in Information Technology', 'Faculty of Science', 3, '+254705678901', 'mwangi.patrick@std.cuea.edu', 'Eligible', 'Computer and Information Science'),
(6, 105, 'Evans', 'Kiprop', 'Bachelor of Science in Computer Technology', 'Faculty of Science', 3, '+254706789012', 'kiprop.evans@std.cuea.edu', 'Eligible', 'Computer and Information Science'),
(7, 106, 'Faith', 'Chepngetich', 'Bachelor of Science in Computer Science', 'Faculty of Science', 3, '+254707890123', 'chepngetich.faith@std.cuea.edu', 'Eligible', 'Computer and Information Science'),
(8, 107, 'Benson', 'Onyango', 'Bachelor of Science in Information Technology', 'Faculty of Science', 3, '+254708901234', 'onyango.benson@std.cuea.edu', 'Eligible', 'Computer and Information Science'),
(9, 108, 'Joseph', 'Ochieng', 'Bachelor of Science in Computer Technology', 'Faculty of Science', 3, '+254709012345', 'ochieng.joseph@std.cuea.edu', 'Eligible', 'Computer and Information Science'),
(10, 109, 'Sarah', 'Nafula', 'Bachelor of Science in Computer Science', 'Faculty of Science', 3, '+254710123456', 'nafula.sarah@std.cuea.edu', 'Eligible', 'Computer and Information Science'),
(11, 110, 'Peter', 'Njoroge', 'Bachelor of Science in Information Technology', 'Faculty of Science', 3, '+254711234567', 'njoroge.peter@std.cuea.edu', 'Eligible', 'Computer and Information Science'),
(12, 111, 'Alice', 'Wambui', 'Bachelor of Science in Computer Technology', 'Faculty of Science', 3, '+254712345678', 'wambui.alice@std.cuea.edu', 'Eligible', 'Computer and Information Science'),
(13, 112, 'Charles', 'Otieno', 'Bachelor of Science in Computer Science', 'Faculty of Science', 3, '+254713456789', 'otieno.charles@std.cuea.edu', 'Eligible', 'Computer and Information Science'),
(14, 113, 'Amina', 'Hassan', 'Bachelor of Science in Information Technology', 'Faculty of Science', 3, '+254714567890', 'hassan.amina@std.cuea.edu', 'Eligible', 'Computer and Information Science'),
(15, 114, 'Brian', 'Mwenda', 'Bachelor of Science in Computer Technology', 'Faculty of Science', 3, '+254715678901', 'mwenda.brian@std.cuea.edu', 'Eligible', 'Computer and Information Science'),
(16, 115, 'Beatrice', 'Waweru', 'Bachelor of Science in Computer Science', 'Faculty of Science', 3, '+254716789012', 'waweru.beatrice@std.cuea.edu', 'Eligible', 'Computer and Information Science'),
(17, 116, 'Emmanuel', 'Kipkurui', 'Bachelor of Science in Information Technology', 'Faculty of Science', 3, '+254717890123', 'kipkurui.emmanuel@std.cuea.edu', 'Eligible', 'Computer and Information Science'),
(18, 117, 'Gloria', 'Cherotich', 'Bachelor of Science in Computer Technology', 'Faculty of Science', 3, '+254718901234', 'cherotich.gloria@std.cuea.edu', 'Eligible', 'Computer and Information Science'),
(19, 118, 'James', 'Maina', 'Bachelor of Science in Computer Science', 'Faculty of Science', 3, '+254719012345', 'maina.james@std.cuea.edu', 'Eligible', 'Computer and Information Science'),
(20, 119, 'Cynthia', 'Mwende', 'Bachelor of Science in Information Technology', 'Faculty of Science', 3, '+254720123456', 'mwende.cynthia@std.cuea.edu', 'Eligible', 'Computer and Information Science'),
(21, 120, 'Kevin', 'Wafula', 'Bachelor of Science in Computer Science', 'Faculty of Science', 3, '+254721234567', 'wafula.kevin@std.cuea.edu', 'Eligible', 'Computer and Information Science'),
(22, 121, 'Jacqueline', 'Nyambura', 'Bachelor of Science in Information Technology', 'Faculty of Science', 3, '+254722345678', 'nyambura.jacqueline@std.cuea.edu', 'Eligible', 'Computer and Information Science'),
(23, 122, 'Collins', 'Kipkemoi', 'Bachelor of Science in Computer Technology', 'Faculty of Science', 3, '+254723456789', 'kipkemoi.collins@std.cuea.edu', 'Eligible', 'Computer and Information Science'),
(24, 123, 'Linet', 'Awuor', 'Bachelor of Science in Computer Science', 'Faculty of Science', 3, '+254724567890', 'awuor.linet@std.cuea.edu', 'Eligible', 'Computer and Information Science'),
(25, 124, 'Dennis', 'Mutuku', 'Bachelor of Science in Information Technology', 'Faculty of Science', 3, '+254725678901', 'mutuku.dennis@std.cuea.edu', 'Eligible', 'Computer and Information Science'),
(26, 125, 'Sharon', 'Chebet', 'Bachelor of Science in Computer Technology', 'Faculty of Science', 3, '+254726789012', 'chebet.sharon@std.cuea.edu', 'Eligible', 'Computer and Information Science'),
(27, 126, 'Robert', 'Mureithi', 'Bachelor of Science in Computer Science', 'Faculty of Science', 3, '+254727890123', 'mureithi.robert@std.cuea.edu', 'Eligible', 'Computer and Information Science'),
(28, 127, 'Mary', 'Atieno', 'Bachelor of Science in Information Technology', 'Faculty of Science', 3, '+254728901234', 'atieno.mary@std.cuea.edu', 'Eligible', 'Computer and Information Science'),
(29, 128, 'George', 'Ndwiga', 'Bachelor of Science in Computer Technology', 'Faculty of Science', 3, '+254729012345', 'ndwiga.george@std.cuea.edu', 'Eligible', 'Computer and Information Science'),
(30, 129, 'Valentine', 'Nduta', 'Bachelor of Science in Computer Science', 'Faculty of Science', 3, '+254730123456', 'nduta.valentine@std.cuea.edu', 'Eligible', 'Computer and Information Science');

-- -------------------------------------------------------------
-- 4. POPULATE HOSTORGANIZATION TABLE
-- -------------------------------------------------------------
INSERT INTO `hostorganization` (`HostOrgID`, `UserID`, `OrganizationName`, `ContactPerson`, `Email`, `PhoneNumber`, `PhysicalAddress`) VALUES
(1, 200, 'Safaricom PLC', 'Brenda Wambua', 'safaricom@host.cuea.edu', '+254722000000', 'Safaricom House, Waiyaki Way, Nairobi'),
(2, 201, 'Equity Bank Kenya', 'James Mwangi', 'equity@host.cuea.edu', '+254763000000', 'Equity Centre, Upperhill, Nairobi'),
(3, 202, 'KCB Bank Group', 'Paul Russo', 'kcb@host.cuea.edu', '+254711012000', 'Kencom House, City Square, Nairobi'),
(4, 203, 'Cellulant Kenya', 'Ken Njoroge', 'cellulant@host.cuea.edu', '+254202799000', 'Cavendish Block, Belgravia Office Park, Nairobi'),
(5, 204, 'Andela Kenya', 'Agnes Muthoni', 'andela@host.cuea.edu', '+254700000000', 'Andela Offices, Plaza Place, Nairobi'),
(6, 205, 'Jamii Telecommunications', 'Joshua Chepkwony', 'jtl@host.cuea.edu', '+254740000100', 'Jamii Towers, Nairobi'),
(7, 206, 'MTN Business Kenya', 'Rose Kinyua', 'mtn@host.cuea.edu', '+254203600000', 'MTN House, Galana Road, Nairobi'),
(8, 207, 'Computech Limited', 'Sandip Patel', 'computech@host.cuea.edu', '+254203995000', 'Computech House, Nairobi'),
(9, 208, 'Copy Cat Kenya', 'Nazir Noordin', 'copycat@host.cuea.edu', '+254203970000', 'Copy Cat Building, Nairobi'),
(10, 209, 'Techno Brain Kenya', 'Manoj Shanker', 'technobrain@host.cuea.edu', '+254203740924', 'Techno Brain Suite, Nairobi'),
(11, 210, 'iHub Nairobi', 'Njuguna Kirubi', 'ihub@host.cuea.edu', '+254707234567', 'Senteu Plaza, Nairobi'),
(12, 211, 'Microsoft ADC', 'Catherine Muraga', 'microsoft@host.cuea.edu', '+254205240000', 'Dunhill Towers, Nairobi'),
(13, 212, 'Google Kenya', 'Agnes Gathaiya', 'google@host.cuea.edu', '+254203601000', 'Purshottam Place, Westlands, Nairobi'),
(14, 213, 'Oracle Kenya', 'David Biamah', 'oracle@host.cuea.edu', '+254202763000', 'Delta Corner, Nairobi'),
(15, 214, 'Cisco Systems Kenya', 'Shehab Ghalib', 'cisco@host.cuea.edu', '+254203676000', 'Landmark Plaza, Nairobi'),
-- Additional host orgs (H016 to H018)
(16, 215, 'Airtel Kenya', 'Ashish Malhotra', 'airtel@host.cuea.edu', '+254733100000', 'Airtel Plaza, Mombasa Road, Nairobi'),
(17, 216, 'Craft Silicon', 'Kamal Budhabhatti', 'craftsilicon@host.cuea.edu', '+254204225000', 'Craft Silicon Campus, Nairobi'),
(18, 217, 'Little Cab', 'Alex Mwaura', 'littlecab@host.cuea.edu', '+254709302302', 'Little HQ, Nairobi');

-- -------------------------------------------------------------
-- 5. POPULATE ATTACHMENTOPPORTUNITY TABLE
-- (We have 15 opportunities, some due in coming days)
-- -------------------------------------------------------------
INSERT INTO `attachmentopportunity` (`OpportunityID`, `HostOrgID`, `Description`, `EligibilityCriteria`, `ApplicationStartDate`, `ApplicationEndDate`, `Status`) VALUES
(1, 1, 'Software Engineering Intern (Android/iOS/Web)', 'Year 3/4 Student, Java/Kotlin/React skills', '2026-05-01', '2026-05-25', 'Closed'),
(2, 2, 'Cyber Security Analyst Intern', 'Knowledge of network security protocols and pentesting VM setups', '2026-05-01', '2026-05-25', 'Closed'),
(3, 3, 'Database Administrator Intern', 'Strong MySQL, SQL Server, query optimization skills', '2026-05-01', '2026-05-25', 'Closed'),
(4, 4, 'Fintech API Integration Developer Intern', 'Understanding of REST APIs, JSON, PHP/Node.js', '2026-05-01', '2026-05-25', 'Closed'),
(5, 5, 'Junior Fullstack React/Node.js Developer Intern', 'Proficiency in JS, Git workflow, React framework', '2026-05-01', '2026-05-25', 'Closed'),
(6, 6, 'Network Security & Routing Intern', 'CCNA coursework completed, understanding of switches and routing', '2026-05-15', '2026-06-15', 'Active'), -- Due in 4 days (June 15, 2026)
(7, 7, 'Cloud Solutions Architect (AWS/Azure) Intern', 'Familiarity with cloud concepts, EC2, S3, IAM user roles', '2026-05-15', '2026-06-15', 'Active'), -- Due in 4 days (June 15, 2026)
(8, 8, 'IT Support & System Administration Intern', 'OS installations (Windows/Linux), hardware diagnostic capabilities', '2026-05-15', '2026-06-15', 'Active'), -- Due in 4 days (June 15, 2026)
(9, 9, 'Hardware & Network Engineering Intern', 'Cat6 crimping, router configurations, local subnet layouts', '2026-05-15', '2026-06-15', 'Active'), -- Due in 4 days (June 15, 2026)
(10, 10, 'Enterprise Software QA Intern', 'Knowledge of automated testing (Selenium/Jest), test case writing', '2026-05-15', '2026-06-15', 'Active'), -- Due in 4 days (June 15, 2026)
(11, 11, 'Tech Innovation & Product Management Intern', 'Strong communication, understanding of Agile methodology', '2026-06-01', '2026-06-30', 'Active'), -- Due in 19 days
(12, 12, 'Software Engineer Intern (Cloud & Distributed Systems)', 'Strong algorithms, C#/C++/Java, understanding of scale', '2026-06-01', '2026-06-30', 'Active'), -- Due in 19 days
(13, 13, 'Data Scientist & ML Intern', 'Python, Pandas, NumPy, introductory ML algorithms, linear algebra', '2026-06-01', '2026-06-30', 'Active'), -- Due in 19 days
(14, 14, 'Database Management Systems Intern', 'Oracle SQL, PL/SQL, database recovery procedures knowledge', '2026-06-01', '2026-06-30', 'Active'), -- Due in 19 days
(15, 15, 'Network Infrastructure Specialist Intern', 'VLAN configurations, routing protocol troubleshooting, Cisco IOS', '2026-06-01', '2026-06-30', 'Active'); -- Due in 19 days

-- -------------------------------------------------------------
-- 6. POPULATE JOBAPPLICATION TABLE
-- (Total 15 entries, complete details, at least 6 students apply)
-- -------------------------------------------------------------
INSERT INTO `jobapplication` (`OpportunityID`, `HostOrgID`, `StudentID`, `ApplicationDate`, `Status`, `ResumePath`, `ResumeLink`, `Motivation`) VALUES
(1, 1, 1, '2026-05-10', 'Approved', '/uploads/resumes/std1.pdf', 'https://linkedin.com/in/johnkamau', 'I am very passionate about mobile application development and hoping to learn Safaricoms industry scaling standards.'),
(2, 2, 2, '2026-05-12', 'Approved', '/uploads/resumes/std2.pdf', 'https://linkedin.com/in/mercywanjiku', 'Interested in securing enterprise banking apps. I want to build skills in penetration testing and cyber defense.'),
(3, 3, 3, '2026-05-14', 'Approved', '/uploads/resumes/std3.pdf', 'https://linkedin.com/in/davidomondi', 'Database management is my key interest, and KCB is the perfect place to learn enterprise database administration.'),
(4, 4, 4, '2026-05-15', 'Approved', '/uploads/resumes/std4.pdf', 'https://linkedin.com/in/gracemutua', 'Excited about Fintech APIs and integrations. Cellulant stands out as an ecosystem pioneer in Africa.'),
(5, 5, 5, '2026-05-16', 'Approved', '/uploads/resumes/std5.pdf', 'https://linkedin.com/in/patrickmwangi', 'My long term goal is full stack web development and I want to adopt the strict Agile workflows used by Andela teams.'),
(6, 6, 6, '2026-05-18', 'Pending', '/uploads/resumes/std6.pdf', 'https://linkedin.com/in/evanskiprop', 'I want to build my career in ISP configurations and understand fibers network structure.'),
(7, 7, 7, '2026-05-20', 'Pending', '/uploads/resumes/std7.pdf', 'https://linkedin.com/in/faithchepngetich', 'Cloud infrastructure is the future, and MTN Business provides excellent opportunities to manage hybrid deployments.'),
(8, 8, 8, '2026-05-21', 'Pending', '/uploads/resumes/std8.pdf', 'https://linkedin.com/in/bensononyango', 'I have strong troubleshooting skills and want to master windows/linux server active directory structures.'),
(9, 9, 1, '2026-05-22', 'Pending', '/uploads/resumes/std1.pdf', 'https://linkedin.com/in/johnkamau', 'Hoping to get exposure in routing hardware configuration and switch patch panel planning.'),
(10, 10, 2, '2026-05-23', 'Pending', '/uploads/resumes/std2.pdf', 'https://linkedin.com/in/mercywanjiku', 'I have structured programming skills and want to learn automated testing and security audits in QA workflows.'),
(11, 11, 3, '2026-06-02', 'Pending', '/uploads/resumes/std3.pdf', 'https://linkedin.com/in/davidomondi', 'I want to experience the vibrant startup incubation environment at iHub and learn modern product cycles.'),
(12, 12, 4, '2026-06-03', 'Rejected', '/uploads/resumes/std4.pdf', 'https://linkedin.com/in/gracemutua', 'Fascinated by distributed systems and cloud scale computing. I want to build clean backend architectures.'),
(13, 13, 5, '2026-06-04', 'Pending', '/uploads/resumes/std5.pdf', 'https://linkedin.com/in/patrickmwangi', 'Data analysis and ML models are my areas of focus. This role will help me master dynamic visualization.'),
(14, 14, 6, '2026-06-05', 'Pending', '/uploads/resumes/std6.pdf', 'https://linkedin.com/in/evanskiprop', 'I want to master database backup and shadow copy restoration techniques on Oracle DBMS platforms.'),
(15, 15, 7, '2026-06-06', 'Pending', '/uploads/resumes/std7.pdf', 'https://linkedin.com/in/faithchepngetich', 'Interested in VLAN configuration and routing path troubleshooting at Cisco Systems.');

-- -------------------------------------------------------------
-- 7. POPULATE ATTACHMENTAPPLICATION TABLE
-- (20 Students placed, and 3 students rejected citing financial clearance)
-- -------------------------------------------------------------
INSERT INTO `attachmentapplication` (`ApplicationID`, `StudentID`, `ApplicationDate`, `ApplicationStatus`, `IntendedHostOrg`, `RejectionReason`, `HostOrgID`, `FinancialClearanceStatus`, `StartDate`, `EndDate`) VALUES
(1, 1, '2026-04-10', 'Approved', 'Safaricom PLC', NULL, 1, 'Cleared', '2026-05-04', '2026-07-31'),
(2, 2, '2026-04-10', 'Approved', 'Equity Bank Kenya', NULL, 2, 'Cleared', '2026-05-04', '2026-07-31'),
(3, 3, '2026-04-10', 'Approved', 'KCB Bank Group', NULL, 3, 'Cleared', '2026-05-04', '2026-07-31'),
(4, 4, '2026-04-10', 'Approved', 'Cellulant Kenya', NULL, 4, 'Cleared', '2026-05-04', '2026-07-31'),
(5, 5, '2026-04-10', 'Approved', 'Andela Kenya', NULL, 5, 'Cleared', '2026-05-04', '2026-07-31'),
(6, 6, '2026-04-10', 'Approved', 'Jamii Telecommunications', NULL, 6, 'Cleared', '2026-05-04', '2026-07-31'),
(7, 7, '2026-04-10', 'Approved', 'MTN Business Kenya', NULL, 7, 'Cleared', '2026-05-04', '2026-07-31'),
(8, 8, '2026-04-10', 'Approved', 'Computech Limited', NULL, 8, 'Cleared', '2026-05-04', '2026-07-31'),
(9, 9, '2026-04-10', 'Approved', 'Copy Cat Kenya', NULL, 9, 'Cleared', '2026-05-04', '2026-07-31'),
(10, 10, '2026-04-10', 'Approved', 'Techno Brain Kenya', NULL, 10, 'Cleared', '2026-05-04', '2026-07-31'),
(11, 11, '2026-04-10', 'Approved', 'iHub Nairobi', NULL, 11, 'Cleared', '2026-05-04', '2026-07-31'),
(12, 12, '2026-04-10', 'Approved', 'Microsoft ADC', NULL, 12, 'Cleared', '2026-05-04', '2026-07-31'),
(13, 13, '2026-04-10', 'Approved', 'Google Kenya', NULL, 13, 'Cleared', '2026-05-04', '2026-07-31'),
(14, 14, '2026-04-10', 'Approved', 'Oracle Kenya', NULL, 14, 'Cleared', '2026-05-04', '2026-07-31'),
(15, 15, '2026-04-10', 'Approved', 'Cisco Systems Kenya', NULL, 15, 'Cleared', '2026-05-04', '2026-07-31'),
(16, 16, '2026-04-10', 'Approved', 'Safaricom PLC', NULL, 1, 'Cleared', '2026-05-04', '2026-07-31'),
(17, 17, '2026-04-10', 'Approved', 'Equity Bank Kenya', NULL, 2, 'Cleared', '2026-05-04', '2026-07-31'),
-- Custom host orgs applied to (Airtel, Craft Silicon, Little Cab)
(18, 18, '2026-04-12', 'Approved', 'Airtel Kenya', NULL, 16, 'Cleared', '2026-05-04', '2026-07-31'),
(19, 19, '2026-04-12', 'Approved', 'Craft Silicon', NULL, 17, 'Cleared', '2026-05-04', '2026-07-31'),
(20, 20, '2026-04-12', 'Approved', 'Little Cab', NULL, 18, 'Cleared', '2026-05-04', '2026-07-31'),
-- Rejected students citing lack of financial clearance
(21, 21, '2026-04-12', 'Rejected', 'Safaricom PLC', 'Rejected due to lack of financial clearance.', 1, 'Not Cleared', '2026-05-04', '2026-07-31'),
(22, 22, '2026-04-12', 'Rejected', 'Equity Bank Kenya', 'Rejected due to lack of financial clearance.', 2, 'Not Cleared', '2026-05-04', '2026-07-31'),
(23, 23, '2026-04-12', 'Rejected', 'KCB Bank Group', 'Rejected due to lack of financial clearance.', 3, 'Not Cleared', '2026-05-04', '2026-07-31');

-- -------------------------------------------------------------
-- 8. POPULATE ATTACHMENT TABLE
-- -------------------------------------------------------------
INSERT INTO `attachment` (`AttachmentID`, `StudentID`, `HostOrgID`, `StartDate`, `EndDate`, `ClearanceStatus`, `AttachmentStatus`, `AssessmentCode`, `ClearedAt`) VALUES
(1, 1, 1, '2026-05-04', '2026-07-31', 'Cleared', 'Ongoing', 'ASS-1001', '2026-04-15 10:00:00'),
(2, 2, 2, '2026-05-04', '2026-07-31', 'Cleared', 'Ongoing', 'ASS-1002', '2026-04-15 10:00:00'),
(3, 3, 3, '2026-05-04', '2026-07-31', 'Cleared', 'Ongoing', 'ASS-1003', '2026-04-15 10:00:00'),
(4, 4, 4, '2026-05-04', '2026-07-31', 'Cleared', 'Ongoing', 'ASS-1004', '2026-04-15 10:00:00'),
(5, 5, 5, '2026-05-04', '2026-07-31', 'Cleared', 'Ongoing', 'ASS-1005', '2026-04-15 10:00:00'),
(6, 6, 6, '2026-05-04', '2026-07-31', 'Cleared', 'Ongoing', 'ASS-1006', '2026-04-15 10:00:00'),
(7, 7, 7, '2026-05-04', '2026-07-31', 'Cleared', 'Ongoing', 'ASS-1007', '2026-04-15 10:00:00'),
(8, 8, 8, '2026-05-04', '2026-07-31', 'Cleared', 'Ongoing', 'ASS-1008', '2026-04-15 10:00:00'),
(9, 9, 9, '2026-05-04', '2026-07-31', 'Cleared', 'Ongoing', 'ASS-1009', '2026-04-15 10:00:00'),
(10, 10, 10, '2026-05-04', '2026-07-31', 'Cleared', 'Ongoing', 'ASS-1010', '2026-04-15 10:00:00'),
(11, 11, 11, '2026-05-04', '2026-07-31', 'Cleared', 'Ongoing', 'ASS-1011', '2026-04-15 10:00:00'),
(12, 12, 12, '2026-05-04', '2026-07-31', 'Cleared', 'Ongoing', 'ASS-1012', '2026-04-15 10:00:00'),
(13, 13, 13, '2026-05-04', '2026-07-31', 'Cleared', 'Ongoing', 'ASS-1013', '2026-04-15 10:00:00'),
(14, 14, 14, '2026-05-04', '2026-07-31', 'Cleared', 'Ongoing', 'ASS-1014', '2026-04-15 10:00:00'),
(15, 15, 15, '2026-05-04', '2026-07-31', 'Cleared', 'Ongoing', 'ASS-1015', '2026-04-15 10:00:00'),
(16, 16, 1, '2026-05-04', '2026-07-31', 'Cleared', 'Ongoing', 'ASS-1016', '2026-04-15 10:00:00'),
(17, 17, 2, '2026-05-04', '2026-07-31', 'Cleared', 'Ongoing', 'ASS-1017', '2026-04-15 10:00:00'),
(18, 18, 16, '2026-05-04', '2026-07-31', 'Cleared', 'Ongoing', 'ASS-1018', '2026-04-15 10:00:00'),
(19, 19, 17, '2026-05-04', '2026-07-31', 'Cleared', 'Ongoing', 'ASS-1019', '2026-04-15 10:00:00'),
(20, 20, 18, '2026-05-04', '2026-07-31', 'Cleared', 'Ongoing', 'ASS-1020', '2026-04-15 10:00:00');

-- -------------------------------------------------------------
-- 9. POPULATE SUPERVISION TABLE
-- (Link the 20 attachments to the 20 lecturers)
-- -------------------------------------------------------------
INSERT INTO `supervision` (`SupervisionID`, `LecturerID`, `AttachmentID`) VALUES
(1, 2, 1),
(2, 3, 2),
(3, 4, 3),
(4, 5, 4),
(5, 6, 5),
(6, 7, 6),
(7, 8, 7),
(8, 9, 8),
(9, 10, 9),
(10, 11, 10),
(11, 12, 11),
(12, 13, 12),
(13, 14, 13),
(14, 15, 14),
(15, 16, 15),
(16, 17, 16),
(17, 18, 17),
(18, 19, 18),
(19, 20, 19),
(20, 21, 20);

-- -------------------------------------------------------------
-- 10. POPULATE ASSESSMENT TABLE
-- (First Supervision Assessment for students >1 month in attachment)
-- -------------------------------------------------------------
INSERT INTO `assessment` (`AssessmentID`, `AttachmentID`, `LecturerID`, `AssessmentDate`, `AssessmentType`, `Marks`, `Remarks`, `CriteriaScores`, `Status`, `SupervisionComments`) VALUES
(1, 1, 2, '2026-06-08', 'First Assessment', 87.00, 'John shows exceptional adaptability and team integration. His logbook entries are well-organized and his coding practices are solid.', '[8,9,8,9,10,8,9,9,8,9]', 'Completed', 'Conducted dynamic video review session and verified logs. Good coding skills.'),
(2, 2, 3, '2026-06-08', 'First Assessment', 89.00, 'Mercy has a strong grasp of vulnerability scanning concepts. She was very proactive in manual pentesting tasks.', '[9,8,9,9,10,9,9,8,9,9]', 'Completed', 'Evaluated VM sandbox environment configurations. The student is alert and highly focused.'),
(3, 3, 4, '2026-06-08', 'First Assessment', 86.00, 'David shows great analytical skills. He successfully deployed the Streamlit dashboard and optimized SQL queries.', '[8,8,9,9,9,8,9,9,8,9]', 'Completed', 'Inspected backend migrations and dashboard output structure. Outstanding analytical depth.'),
(4, 4, 5, '2026-06-08', 'First Assessment', 91.00, 'Grace did an outstanding job with React navigation configurations and component building.', '[9,9,9,10,9,9,9,9,10,9]', 'Completed', 'Reviewed GitHub repository logs and CSS visual alignments. Form validations look complete.'),
(5, 5, 6, '2026-06-08', 'First Assessment', 88.00, 'Patrick is highly proficient with Cisco CLI commands. He terminates cables neatly and plans subnets with precision.', '[9,8,9,9,9,8,9,9,9,9]', 'Completed', 'Inspected network patch panels terminations. Good understanding of DHCP configurations.'),
(6, 6, 7, '2026-06-08', 'First Assessment', 85.00, 'Evans adapted quickly to our AWS environments. His Terraform templates were clean and reusable.', '[8,9,8,9,9,8,9,8,9,8]', 'Completed', 'Verified S3 policy boundaries configurations. Demonstrates nice progress.'),
(7, 7, 8, '2026-06-08', 'First Assessment', 84.00, 'Faith handles queued hardware diagnostics tickets with great diligence and user empathy.', '[8,8,8,9,9,8,9,8,8,9]', 'Completed', 'Reviewed system diagnostics tickets logs. Punctual and active in client interactions.'),
(8, 8, 9, '2026-06-08', 'First Assessment', 85.00, 'Benson has good development workflow concepts and communicates well with the team.', '[8,8,9,9,9,8,8,9,8,9]', 'Completed', 'Evaluated local API deployments and code documentation summaries.'),
(9, 9, 10, '2026-06-08', 'First Assessment', 90.00, 'Joseph shows strong diagnostic skills in analyzing network packets and tracking open port compliance.', '[9,9,9,9,10,9,9,8,9,9]', 'Completed', 'Verified Wireshark packet logs analysis capabilities. Exceptional analytical skill.'),
(10, 10, 11, '2026-06-08', 'First Assessment', 87.00, 'Sarah has strong scripting capabilities in Pandas. She delivered correlation reports on schedule.', '[8,9,8,9,10,8,9,9,8,9]', 'Completed', 'Inspected Jupyter notebooks and outliers boxplots diagrams.'),
(11, 11, 12, '2026-06-08', 'First Assessment', 86.00, 'Peter has quick adaptation of state hooks and styling methods. He built beautiful shimmer skeletons.', '[8,8,9,9,9,8,9,9,8,9]', 'Completed', 'Reviewed DOM event listener logic files. Excellent presentation.'),
(12, 12, 13, '2026-06-08', 'First Assessment', 89.00, 'Alice shows great skill in subnet planning and static IP pool management.', '[9,8,9,9,10,9,9,8,9,9]', 'Completed', 'Verified VLAN trunk links configurations on staging switch.'),
(13, 13, 14, '2026-06-08', 'First Assessment', 88.00, 'Charles handles container configuration files perfectly. He completed tasks rapidly.', '[9,8,9,9,9,8,9,9,9,9]', 'Completed', 'Inspected Dockerfile layers build config logic. Safe deployment loop.'),
(14, 14, 15, '2026-06-08', 'First Assessment', 83.00, 'Amina resolved Windows domain controller mapping tickets very methodically.', '[8,8,8,9,9,8,8,8,8,9]', 'Completed', 'Reviewed Active Directory user unlocks ticket queues logs.'),
(15, 15, 16, '2026-06-08', 'First Assessment', 90.00, 'Brian has strong testing logic and is quick to adopt MVC architectures.', '[9,9,9,9,10,9,9,8,9,9]', 'Completed', 'Inspected controller unit tests and routing bindings. Outstanding progress.'),
(16, 16, 17, '2026-06-08', 'First Assessment', 87.00, 'Beatrice is disciplined and pays excellent attention to database security configuration guidelines.', '[8,9,8,9,10,8,9,9,8,9]', 'Completed', 'Reviewed database user privilege auditing logs. Very high diligence.'),
(17, 17, 18, '2026-06-08', 'First Assessment', 86.00, 'Emmanuel has deep understanding of regression metrics and mathematical modeling.', '[8,8,9,9,9,8,9,9,8,9]', 'Completed', 'Inspected GridSearchCV model metrics reports. Informative charts.'),
(18, 18, 19, '2026-06-08', 'First Assessment', 89.00, 'Gloria has excellent visual component layout designs and handled user signups forms efficiently.', '[9,8,9,9,10,9,9,8,9,9]', 'Completed', 'Reviewed React props flow and multi-step wizard logic.'),
(19, 19, 20, '2026-06-08', 'First Assessment', 88.00, 'James completed server static configurations and OSPF path validations successfully.', '[9,8,9,9,9,8,9,9,9,9]', 'Completed', 'Verified OSPF area 0 convergence tables on laboratory setup.'),
(20, 20, 21, '2026-06-08', 'First Assessment', 85.00, 'Cynthia showed strong analytical capabilities during EKS clustering deployments.', '[8,9,8,9,9,8,9,8,9,8]', 'Completed', 'Reviewed Kubernetes deployment manifests files. Safe deployments configuration.');

-- -------------------------------------------------------------
-- 11. POPULATE LOGBOOK TABLE
-- (Weeks 1 to 6. Activities stores structured JSON)
-- -------------------------------------------------------------

-- STUDENT 1, 8, 15 (Role: Software Engineering Intern)
-- Week 1
INSERT INTO `logbook` (`AttachmentID`, `WeekNumber`, `StartDate`, `EndDate`, `Activities`, `Status`, `AcademicSupervisorComments`, `HostSupervisorComments`) VALUES
(1, 1, '2026-05-04', '2026-05-08', '{\"monday\":{\"task\":\"IT onboarding and setting up development environment (Git, VS Code, Docker).\",\"comment\":\"Successfully installed all dependencies.\"},\"tuesday\":{\"task\":\"Overview of the codebase and reading technical documentation.\",\"comment\":\"Got an understanding of the application architecture.\"},\"wednesday\":{\"task\":\"Cloning repository and setting up database connection locally.\",\"comment\":\"Faced port conflicts with MySQL, resolved with mentor support.\"},\"thursday\":{\"task\":\"Resolving a minor UI layout bug on the landing page.\",\"comment\":\"Pushed my first CSS changes.\"},\"friday\":{\"task\":\"Submitting first pull request and participating in weekly team review.\",\"comment\":\"PR was approved and merged!\"}}', 'Approved', 'Great start! Keep up the good momentum and write clear code.', 'John settled in quickly and completed onboarding tasks ahead of time.'),
(8, 1, '2026-05-04', '2026-05-08', '{\"monday\":{\"task\":\"IT onboarding and setting up development environment (Git, VS Code, Docker).\",\"comment\":\"Successfully installed all dependencies.\"},\"tuesday\":{\"task\":\"Overview of the codebase and reading technical documentation.\",\"comment\":\"Got an understanding of the application architecture.\"},\"wednesday\":{\"task\":\"Cloning repository and setting up database connection locally.\",\"comment\":\"Faced port conflicts with MySQL, resolved with mentor support.\"},\"thursday\":{\"task\":\"Resolving a minor UI layout bug on the landing page.\",\"comment\":\"Pushed my first CSS changes.\"},\"friday\":{\"task\":\"Submitting first pull request and participating in weekly team review.\",\"comment\":\"PR was approved and merged!\"}}', 'Approved', 'Good initial progress. Focus on clean coding habits.', 'The student is cooperative and has integrated well with the team.'),
(15, 1, '2026-05-04', '2026-05-08', '{\"monday\":{\"task\":\"IT onboarding and setting up development environment (Git, VS Code, Docker).\",\"comment\":\"Successfully installed all dependencies.\"},\"tuesday\":{\"task\":\"Overview of the codebase and reading technical documentation.\",\"comment\":\"Got an understanding of the application architecture.\"},\"wednesday\":{\"task\":\"Cloning repository and setting up database connection locally.\",\"comment\":\"Faced port conflicts with MySQL, resolved with mentor support.\"},\"thursday\":{\"task\":\"Resolving a minor UI layout bug on the landing page.\",\"comment\":\"Pushed my first CSS changes.\"},\"friday\":{\"task\":\"Submitting first pull request and participating in weekly team review.\",\"comment\":\"PR was approved and merged!\"}}', 'Approved', 'Clear documentation in the logbook. Good work.', 'Brian showed great enthusiasm during onboarding.');

-- Week 2
INSERT INTO `logbook` (`AttachmentID`, `WeekNumber`, `StartDate`, `EndDate`, `Activities`, `Status`, `AcademicSupervisorComments`, `HostSupervisorComments`) VALUES
(1, 2, '2026-05-11', '2026-05-15', '{\"monday\":{\"task\":\"Creating reusable card components in React.\",\"comment\":\"Followed clean CSS structures.\"},\"tuesday\":{\"task\":\"Integrating styled-components and maintaining CSS uniformity.\",\"comment\":\"Ensured consistent layouts.\"},\"wednesday\":{\"task\":\"Fetching API data using Axios and handling loading/error states.\",\"comment\":\"Understood promise chaining.\"},\"thursday\":{\"task\":\"Setting up client-side form validation for user registration.\",\"comment\":\"Applied regex validations.\"},\"friday\":{\"task\":\"Conducting cross-browser testing and fixing alignment issues.\",\"comment\":\"Verified behavior on Safari and Chrome.\"}}', 'Approved', 'Good understanding of frontend technologies.', 'Very reliable delivery of the registration forms.'),
(8, 2, '2026-05-11', '2026-05-15', '{\"monday\":{\"task\":\"Creating reusable card components in React.\",\"comment\":\"Followed clean CSS structures.\"},\"tuesday\":{\"task\":\"Integrating styled-components and maintaining CSS uniformity.\",\"comment\":\"Ensured consistent layouts.\"},\"wednesday\":{\"task\":\"Fetching API data using Axios and handling loading/error states.\",\"comment\":\"Understood promise chaining.\"},\"thursday\":{\"task\":\"Setting up client-side form validation for user registration.\",\"comment\":\"Applied regex validations.\"},\"friday\":{\"task\":\"Conducting cross-browser testing and fixing alignment issues.\",\"comment\":\"Verified behavior on Safari and Chrome.\"}}', 'Approved', 'Nice implementation details. Keep learning React hooks.', 'Benson did a great job implementing the form validations.'),
(15, 2, '2026-05-11', '2026-05-15', '{\"monday\":{\"task\":\"Creating reusable card components in React.\",\"comment\":\"Followed clean CSS structures.\"},\"tuesday\":{\"task\":\"Integrating styled-components and maintaining CSS uniformity.\",\"comment\":\"Ensured consistent layouts.\"},\"wednesday\":{\"task\":\"Fetching API data using Axios and handling loading/error states.\",\"comment\":\"Understood promise chaining.\"},\"thursday\":{\"task\":\"Setting up client-side form validation for user registration.\",\"comment\":\"Applied regex validations.\"},\"friday\":{\"task\":\"Conducting cross-browser testing and fixing alignment issues.\",\"comment\":\"Verified behavior on Safari and Chrome.\"}}', 'Approved', 'Excellent work on the styling system.', 'The student works well under minimal supervision.');

-- Week 3
INSERT INTO `logbook` (`AttachmentID`, `WeekNumber`, `StartDate`, `EndDate`, `Activities`, `Status`, `AcademicSupervisorComments`, `HostSupervisorComments`) VALUES
(1, 3, '2026-05-18', '2026-05-22', '{\"monday\":{\"task\":\"Creating RESTful API endpoints for user profiles.\",\"comment\":\"Developed GET and PUT routes.\"},\"tuesday\":{\"task\":\"Writing SQL queries and designing table structures.\",\"comment\":\"Optimized user relationship indexing.\"},\"wednesday\":{\"task\":\"Implementing JWT authentication middleware.\",\"comment\":\"Secured API access routes.\"},\"thursday\":{\"task\":\"Unit testing API endpoints using Postman.\",\"comment\":\"Discovered and resolved authentication edge cases.\"},\"friday\":{\"task\":\"Debugging API performance and optimizing query join statements.\",\"comment\":\"Reduced load times by 20%.\"}}', 'Approved', 'API designs are consistent. Good implementation of JWT.', 'John helped secure the customer API endpoints successfully.'),
(8, 3, '2026-05-18', '2026-05-22', '{\"monday\":{\"task\":\"Creating RESTful API endpoints for user profiles.\",\"comment\":\"Developed GET and PUT routes.\"},\"tuesday\":{\"task\":\"Writing SQL queries and designing table structures.\",\"comment\":\"Optimized user relationship indexing.\"},\"wednesday\":{\"task\":\"Implementing JWT authentication middleware.\",\"comment\":\"Secured API access routes.\"},\"thursday\":{\"task\":\"Unit testing API endpoints using Postman.\",\"comment\":\"Discovered and resolved authentication edge cases.\"},\"friday\":{\"task\":\"Debugging API performance and optimizing query join statements.\",\"comment\":\"Reduced load times by 20%.\"}}', 'Approved', 'Very clear reporting of backend progress.', 'The student shows strong database design capabilities.'),
(15, 3, '2026-05-18', '2026-05-22', '{\"monday\":{\"task\":\"Creating RESTful API endpoints for user profiles.\",\"comment\":\"Developed GET and PUT routes.\"},\"tuesday\":{\"task\":\"Writing SQL queries and designing table structures.\",\"comment\":\"Optimized user relationship indexing.\"},\"wednesday\":{\"task\":\"Implementing JWT authentication middleware.\",\"comment\":\"Secured API access routes.\"},\"thursday\":{\"task\":\"Unit testing API endpoints using Postman.\",\"comment\":\"Discovered and resolved authentication edge cases.\"},\"friday\":{\"task\":\"Debugging API performance and optimizing query join statements.\",\"comment\":\"Reduced load times by 20%.\"}}', 'Approved', 'Glad to see you exploring backend security.', 'Excellent comprehension of token validation systems.');

-- Week 4
INSERT INTO `logbook` (`AttachmentID`, `WeekNumber`, `StartDate`, `EndDate`, `Activities`, `Status`, `AcademicSupervisorComments`, `HostSupervisorComments`) VALUES
(1, 4, '2026-05-25', '2026-05-29', '{\"monday\":{\"task\":\"Integrating Redis caching for frequently accessed database rows.\",\"comment\":\"Cached config tables.\"},\"tuesday\":{\"task\":\"Writing integration tests for authentication flows.\",\"comment\":\"Covered success and lock scenarios.\"},\"wednesday\":{\"task\":\"Fixing SQL injection vulnerabilities by using prepared statements.\",\"comment\":\"Refactored search endpoints.\"},\"thursday\":{\"task\":\"Running load tests on the profile API.\",\"comment\":\"Tested up to 500 concurrent requests.\"},\"friday\":{\"task\":\"Refactoring controller code to adhere to MVC clean architecture.\",\"comment\":\"Kept controllers slim and models logic-dense.\"}}', 'Approved', 'Great use of caching and testing strategies. Excellent focus on security.', 'John implemented prepared statements across all active search tools.'),
(8, 4, '2026-05-25', '2026-05-29', '{\"monday\":{\"task\":\"Integrating Redis caching for frequently accessed database rows.\",\"comment\":\"Cached config tables.\"},\"tuesday\":{\"task\":\"Writing integration tests for authentication flows.\",\"comment\":\"Covered success and lock scenarios.\"},\"wednesday\":{\"task\":\"Fixing SQL injection vulnerabilities by using prepared statements.\",\"comment\":\"Refactored search endpoints.\"},\"thursday\":{\"task\":\"Running load tests on the profile API.\",\"comment\":\"Tested up to 500 concurrent requests.\"},\"friday\":{\"task\":\"Refactoring controller code to adhere to MVC clean architecture.\",\"comment\":\"Kept controllers slim and models logic-dense.\"}}', 'Approved', 'Good alignment of concepts. Security refactoring is critical.', 'The caching integration has improved our dev branch response rate.'),
(15, 4, '2026-05-25', '2026-05-29', '{\"monday\":{\"task\":\"Integrating Redis caching for frequently accessed database rows.\",\"comment\":\"Cached config tables.\"},\"tuesday\":{\"task\":\"Writing integration tests for authentication flows.\",\"comment\":\"Covered success and lock scenarios.\"},\"wednesday\":{\"task\":\"Fixing SQL injection vulnerabilities by using prepared statements.\",\"comment\":\"Refactored search endpoints.\"},\"thursday\":{\"task\":\"Running load tests on the profile API.\",\"comment\":\"Tested up to 500 concurrent requests.\"},\"friday\":{\"task\":\"Refactoring controller code to adhere to MVC clean architecture.\",\"comment\":\"Kept controllers slim and models logic-dense.\"}}', 'Approved', 'Important topics. Good execution on prepared queries.', 'Brian showed outstanding testing logic during load assessments.');

-- Week 5
INSERT INTO `logbook` (`AttachmentID`, `WeekNumber`, `StartDate`, `EndDate`, `Activities`, `Status`, `AcademicSupervisorComments`, `HostSupervisorComments`) VALUES
(1, 5, '2026-06-01', '2026-06-05', '{\"monday\":{\"task\":\"Writing a Dockerfile to package the application.\",\"comment\":\"Optimized container layer cache.\"},\"tuesday\":{\"task\":\"Setting up a GitHub Actions workflow for automated testing.\",\"comment\":\"Integrated linting tests.\"},\"wednesday\":{\"task\":\"Deploying the containerized application to AWS ECS.\",\"comment\":\"Configured task definitions.\"},\"thursday\":{\"task\":\"Configuring environment variables and security groups.\",\"comment\":\"Secured DB access from outside.\"},\"friday\":{\"task\":\"Monitoring logs using CloudWatch and troubleshooting container launch issues.\",\"comment\":\"Fixed memory allocation limits.\"}}', 'Approved', 'Excellent work on modern container setups and AWS tools.', 'The deployment pipeline setup is efficient and clean.'),
(8, 5, '2026-06-01', '2026-06-05', '{\"monday\":{\"task\":\"Writing a Dockerfile to package the application.\",\"comment\":\"Optimized container layer cache.\"},\"tuesday\":{\"task\":\"Setting up a GitHub Actions workflow for automated testing.\",\"comment\":\"Integrated linting tests.\"},\"wednesday\":{\"task\":\"Deploying the containerized application to AWS ECS.\",\"comment\":\"Configured task definitions.\"},\"thursday\":{\"task\":\"Configuring environment variables and security groups.\",\"comment\":\"Secured DB access from outside.\"},\"friday\":{\"task\":\"Monitoring logs using CloudWatch and troubleshooting container launch issues.\",\"comment\":\"Fixed memory allocation limits.\"}}', 'Approved', 'Good practical understanding of cloud deployment loops.', 'Very pleased with the Docker orchestration workflow contributions.'),
(15, 5, '2026-06-01', '2026-06-05', '{\"monday\":{\"task\":\"Writing a Dockerfile to package the application.\",\"comment\":\"Optimized container layer cache.\"},\"tuesday\":{\"task\":\"Setting up a GitHub Actions workflow for automated testing.\",\"comment\":\"Integrated linting tests.\"},\"wednesday\":{\"task\":\"Deploying the containerized application to AWS ECS.\",\"comment\":\"Configured task definitions.\"},\"thursday\":{\"task\":\"Configuring environment variables and security groups.\",\"comment\":\"Secured DB access from outside.\"},\"friday\":{\"task\":\"Monitoring logs using CloudWatch and troubleshooting container launch issues.\",\"comment\":\"Fixed memory allocation limits.\"}}', 'Approved', 'Very complete and relevant tasks. Cloud setups are essential.', 'Brian has proven highly analytical and adaptive to our cloud tooling.');

-- Week 6 (Pending)
INSERT INTO `logbook` (`AttachmentID`, `WeekNumber`, `StartDate`, `EndDate`, `Activities`, `Status`, `AcademicSupervisorComments`, `HostSupervisorComments`) VALUES
(1, 6, '2026-06-08', '2026-06-12', '{\"monday\":{\"task\":\"Code review and refactoring messy legacy classes.\",\"comment\":\"Improved variable namings.\"},\"tuesday\":{\"task\":\"Implementing password hashing migration script.\",\"comment\":\"Safe migration to bcrypt.\"},\"wednesday\":{\"task\":\"Testing edge cases in registration inputs.\",\"comment\":\"Found index out of range bug.\"},\"thursday\":{\"task\":\"Documenting API endpoints using Swagger.\",\"comment\":\"Added parameter descriptions.\"},\"friday\":{\"task\":\"Documenting internal developer guide.\",\"comment\":\"Written in markdown.\"}}', 'Pending', NULL, NULL),
(8, 6, '2026-06-08', '2026-06-12', '{\"monday\":{\"task\":\"Code review and refactoring messy legacy classes.\",\"comment\":\"Improved variable namings.\"},\"tuesday\":{\"task\":\"Implementing password hashing migration script.\",\"comment\":\"Safe migration to bcrypt.\"},\"wednesday\":{\"task\":\"Testing edge cases in registration inputs.\",\"comment\":\"Found index out of range bug.\"},\"thursday\":{\"task\":\"Documenting API endpoints using Swagger.\",\"comment\":\"Added parameter descriptions.\"},\"friday\":{\"task\":\"Documenting internal developer guide.\",\"comment\":\"Written in markdown.\"}}', 'Pending', NULL, NULL),
(15, 6, '2026-06-08', '2026-06-12', '{\"monday\":{\"task\":\"Code review and refactoring messy legacy classes.\",\"comment\":\"Improved variable namings.\"},\"tuesday\":{\"task\":\"Implementing password hashing migration script.\",\"comment\":\"Safe migration to bcrypt.\"},\"wednesday\":{\"task\":\"Testing edge cases in registration inputs.\",\"comment\":\"Found index out of range bug.\"},\"thursday\":{\"task\":\"Documenting API endpoints using Swagger.\",\"comment\":\"Added parameter descriptions.\"},\"friday\":{\"task\":\"Documenting internal developer guide.\",\"comment\":\"Written in markdown.\"}}', 'Pending', NULL, NULL);


-- STUDENT 2, 9, 16 (Role: Cyber Security Analyst Intern)
-- Week 1
INSERT INTO `logbook` (`AttachmentID`, `WeekNumber`, `StartDate`, `EndDate`, `Activities`, `Status`, `AcademicSupervisorComments`, `HostSupervisorComments`) VALUES
(2, 1, '2026-05-04', '2026-05-08', '{\"monday\":{\"task\":\"Security onboarding and reviewing company IT policies.\",\"comment\":\"Learned device policy regulations.\"},\"tuesday\":{\"task\":\"Setting up security tools (Wireshark, Kali Linux, Nmap) in a VM.\",\"comment\":\"Verified package hashes.\"},\"wednesday\":{\"task\":\"Reading through OWASP Top 10 vulnerabilities documentation.\",\"comment\":\"Studied XSS in detail.\"},\"thursday\":{\"task\":\"Shadowing a senior engineer reviewing server logs.\",\"comment\":\"Understood log correlation patterns.\"},\"friday\":{\"task\":\"Attending a seminar on social engineering and phishing awareness.\",\"comment\":\"Learned about corporate phishing indicators.\"}}', 'Approved', 'Important security foundations. Carry this vigilance forward.', 'Mercy has shown quick adaptation to corporate security standards.'),
(9, 1, '2026-05-04', '2026-05-08', '{\"monday\":{\"task\":\"Security onboarding and reviewing company IT policies.\",\"comment\":\"Learned device policy regulations.\"},\"tuesday\":{\"task\":\"Setting up security tools (Wireshark, Kali Linux, Nmap) in a VM.\",\"comment\":\"Verified package hashes.\"},\"wednesday\":{\"task\":\"Reading through OWASP Top 10 vulnerabilities documentation.\",\"comment\":\"Studied XSS in detail.\"},\"thursday\":{\"task\":\"Shadowing a senior engineer reviewing server logs.\",\"comment\":\"Understood log correlation patterns.\"},\"friday\":{\"task\":\"Attending a seminar on social engineering and phishing awareness.\",\"comment\":\"Learned about corporate phishing indicators.\"}}', 'Approved', 'Good documentation. Keep exploring network logs.', 'Joseph shows high interest in malware behavior logs.'),
(16, 1, '2026-05-04', '2026-05-08', '{\"monday\":{\"task\":\"Security onboarding and reviewing company IT policies.\",\"comment\":\"Learned device policy regulations.\"},\"tuesday\":{\"task\":\"Setting up security tools (Wireshark, Kali Linux, Nmap) in a VM.\",\"comment\":\"Verified package hashes.\"},\"wednesday\":{\"task\":\"Reading through OWASP Top 10 vulnerabilities documentation.\",\"comment\":\"Studied XSS in detail.\"},\"thursday\":{\"task\":\"Shadowing a senior engineer reviewing server logs.\",\"comment\":\"Understood log correlation patterns.\"},\"friday\":{\"task\":\"Attending a seminar on social engineering and phishing awareness.\",\"comment\":\"Learned about corporate phishing indicators.\"}}', 'Approved', 'Clear descriptions. Keep it up.', 'Beatrice was punctual and active during our security policies briefings.');

-- Week 2
INSERT INTO `logbook` (`AttachmentID`, `WeekNumber`, `StartDate`, `EndDate`, `Activities`, `Status`, `AcademicSupervisorComments`, `HostSupervisorComments`) VALUES
(2, 2, '2026-05-11', '2026-05-15', '{\"monday\":{\"task\":\"Running Nessus scans on development servers.\",\"comment\":\"Identified missing SSL patches.\"},\"tuesday\":{\"task\":\"Analyzing Nessus scan reports for critical patches.\",\"comment\":\"Created action plan for OS upgrades.\"},\"wednesday\":{\"task\":\"Scanning internal subnets using Nmap for open ports.\",\"comment\":\"Found unauthorized HTTP port open.\"},\"thursday\":{\"task\":\"Testing web forms for SQL Injection and XSS vulnerabilities manually.\",\"comment\":\"Proved vulnerability on review forms.\"},\"friday\":{\"task\":\"Writing a basic report on the findings and recommending fixes.\",\"comment\":\"Report submitted to lead dev.\"}}', 'Approved', 'Excellent work manual testing forms. SQL injection is highly critical.', 'Great manual testing insight, Mercy.'),
(9, 2, '2026-05-11', '2026-05-15', '{\"monday\":{\"task\":\"Running Nessus scans on development servers.\",\"comment\":\"Identified missing SSL patches.\"},\"tuesday\":{\"task\":\"Analyzing Nessus scan reports for critical patches.\",\"comment\":\"Created action plan for OS upgrades.\"},\"wednesday\":{\"task\":\"Scanning internal subnets using Nmap for open ports.\",\"comment\":\"Found unauthorized HTTP port open.\"},\"thursday\":{\"task\":\"Testing web forms for SQL Injection and XSS vulnerabilities manually.\",\"comment\":\"Proved vulnerability on review forms.\"},\"friday\":{\"task\":\"Writing a basic report on the findings and recommending fixes.\",\"comment\":\"Report submitted to lead dev.\"}}', 'Approved', 'Keep analyzing open ports and recommend firewalls.', 'Joseph has delivered an exceptionally structured scan report.'),
(16, 2, '2026-05-11', '2026-05-15', '{\"monday\":{\"task\":\"Running Nessus scans on development servers.\",\"comment\":\"Identified missing SSL patches.\"},\"tuesday\":{\"task\":\"Analyzing Nessus scan reports for critical patches.\",\"comment\":\"Created action plan for OS upgrades.\"},\"wednesday\":{\"task\":\"Scanning internal subnets using Nmap for open ports.\",\"comment\":\"Found unauthorized HTTP port open.\"},\"thursday\":{\"task\":\"Testing web forms for SQL Injection and XSS vulnerabilities manually.\",\"comment\":\"Proved vulnerability on review forms.\"},\"friday\":{\"task\":\"Writing a basic report on the findings and recommending fixes.\",\"comment\":\"Report submitted to lead dev.\"}}', 'Approved', 'Good overview of the scan findings.', 'We patched 2 ports based directly on Beatrice''s feedback.');

-- Week 3
INSERT INTO `logbook` (`AttachmentID`, `WeekNumber`, `StartDate`, `EndDate`, `Activities`, `Status`, `AcademicSupervisorComments`, `HostSupervisorComments`) VALUES
(2, 3, '2026-05-18', '2026-05-22', '{\"monday\":{\"task\":\"Monitoring network traffic using Wireshark.\",\"comment\":\"Inspected TCP handshakes.\"},\"tuesday\":{\"task\":\"Analyzing packet captures for unencrypted password transmissions.\",\"comment\":\"Highlighted HTTP basic auth vulnerabilities.\"},\"wednesday\":{\"task\":\"Setting up Snort IDS rules on a local test gateway.\",\"comment\":\"Added rule for scanning alerts.\"},\"thursday\":{\"task\":\"Monitoring security logs for brute-force login attempts.\",\"comment\":\"Identified 3 failed login bursts.\"},\"friday\":{\"task\":\"Investigating a suspicious IP address and writing a block rule.\",\"comment\":\"Updated firewall rules successfully.\"}}', 'Approved', 'Wireshark is a powerful tool. Underlining unencrypted basic auth was crucial.', 'Mercy has shown an excellent eye for packet analysis.'),
(9, 3, '2026-05-18', '2026-05-22', '{\"monday\":{\"task\":\"Monitoring network traffic using Wireshark.\",\"comment\":\"Inspected TCP handshakes.\"},\"tuesday\":{\"task\":\"Analyzing packet captures for unencrypted password transmissions.\",\"comment\":\"Highlighted HTTP basic auth vulnerabilities.\"},\"wednesday\":{\"task\":\"Setting up Snort IDS rules on a local test gateway.\",\"comment\":\"Added rule for scanning alerts.\"},\"thursday\":{\"task\":\"Monitoring security logs for brute-force login attempts.\",\"comment\":\"Identified 3 failed login bursts.\"},\"friday\":{\"task\":\"Investigating a suspicious IP address and writing a block rule.\",\"comment\":\"Updated firewall rules successfully.\"}}', 'Approved', 'Keep building security IDS rules.', 'Joseph shows high interest in malware behavior logs.'),
(16, 3, '2026-05-18', '2026-05-22', '{\"monday\":{\"task\":\"Monitoring network traffic using Wireshark.\",\"comment\":\"Inspected TCP handshakes.\"},\"tuesday\":{\"task\":\"Analyzing packet captures for unencrypted password transmissions.\",\"comment\":\"Highlighted HTTP basic auth vulnerabilities.\"},\"wednesday\":{\"task\":\"Setting up Snort IDS rules on a local test gateway.\",\"comment\":\"Added rule for scanning alerts.\"},\"thursday\":{\"task\":\"Monitoring security logs for brute-force login attempts.\",\"comment\":\"Identified 3 failed login bursts.\"},\"friday\":{\"task\":\"Investigating a suspicious IP address and writing a block rule.\",\"comment\":\"Updated firewall rules successfully.\"}}', 'Approved', 'Keep up the packet routing inspection.', 'Beatrice showed quick critical thinking in resolving gateway blocks.');

-- Week 4
INSERT INTO `logbook` (`AttachmentID`, `WeekNumber`, `StartDate`, `EndDate`, `Activities`, `Status`, `AcademicSupervisorComments`, `HostSupervisorComments`) VALUES
(2, 4, '2026-05-25', '2026-05-29', '{\"monday\":{\"task\":\"Auditing user access permissions across active databases.\",\"comment\":\"Created mapping of current admin accounts.\"},\"tuesday\":{\"task\":\"Identifying inactive accounts with elevated privileges.\",\"comment\":\"Flagged 4 accounts for deletion.\"},\"wednesday\":{\"task\":\"Reviewing password strength policies and implementation.\",\"comment\":\"Proposed character limit rules.\"},\"thursday\":{\"task\":\"Testing the application''s CSRF token protection mechanism.\",\"comment\":\"Verified token generation validity.\"},\"friday\":{\"task\":\"Submitting recommendations to align with ISO 27001 standards.\",\"comment\":\"Delivered compliance roadmap.\"}}', 'Approved', 'Privileged access audits are key in network administration. Great recommendations.', 'Mercy successfully mapped security privilege compliance levels.'),
(9, 4, '2026-05-25', '2026-05-29', '{\"monday\":{\"task\":\"Auditing user access permissions across active databases.\",\"comment\":\"Created mapping of current admin accounts.\"},\"tuesday\":{\"task\":\"Identifying inactive accounts with elevated privileges.\",\"comment\":\"Flagged 4 accounts for deletion.\"},\"wednesday\":{\"task\":\"Reviewing password strength policies and implementation.\",\"comment\":\"Proposed character limit rules.\"},\"thursday\":{\"task\":\"Testing the application''s CSRF token protection mechanism.\",\"comment\":\"Verified token generation validity.\"},\"friday\":{\"task\":\"Submitting recommendations to align with ISO 27001 standards.\",\"comment\":\"Delivered compliance roadmap.\"}}', 'Approved', 'Good practical coverage of authorization schemes.', 'Joseph''s security audit was thorough and exposed unused accounts.'),
(16, 4, '2026-05-25', '2026-05-29', '{\"monday\":{\"task\":\"Auditing user access permissions across active databases.\",\"comment\":\"Created mapping of current admin accounts.\"},\"tuesday\":{\"task\":\"Identifying inactive accounts with elevated privileges.\",\"comment\":\"Flagged 4 accounts for deletion.\"},\"wednesday\":{\"task\":\"Reviewing password strength policies and implementation.\",\"comment\":\"Proposed character limit rules.\"},\"thursday\":{\"task\":\"Testing the application''s CSRF token protection mechanism.\",\"comment\":\"Verified token generation validity.\"},\"friday\":{\"task\":\"Submitting recommendations to align with ISO 27001 standards.\",\"comment\":\"Delivered compliance roadmap.\"}}', 'Approved', 'Excellent work on compliance alignment.', 'The audit helped our team deprecate obsolete database credentials.');

-- Week 5
INSERT INTO `logbook` (`AttachmentID`, `WeekNumber`, `StartDate`, `EndDate`, `Activities`, `Status`, `AcademicSupervisorComments`, `HostSupervisorComments`) VALUES
(2, 5, '2026-06-01', '2026-06-05', '{\"monday\":{\"task\":\"Simulating a DDoS attack in a controlled sandbox.\",\"comment\":\"Used Apache Bench tool.\"},\"tuesday\":{\"task\":\"Configuring rate limiting rules on Nginx web server.\",\"comment\":\"Limited logins to 10 requests per minute.\"},\"wednesday\":{\"task\":\"Setting up Fail2ban to block IPs showing malicious behavior.\",\"comment\":\"Integrated with SSH login logs.\"},\"thursday\":{\"task\":\"Testing data recovery procedures from recent system backups.\",\"comment\":\"Successfully restored backup test schema.\"},\"friday\":{\"task\":\"Participating in an incident response dry-run meeting.\",\"comment\":\"Shared rate limit configurations with dev team.\"}}', 'Approved', 'Familiarizing yourself with recovery is brilliant. Rate limiting was nicely done.', 'The Fail2ban integration works smoothly in our staging sandbox.'),
(9, 5, '2026-06-01', '2026-06-05', '{\"monday\":{\"task\":\"Simulating a DDoS attack in a controlled sandbox.\",\"comment\":\"Used Apache Bench tool.\"},\"tuesday\":{\"task\":\"Configuring rate limiting rules on Nginx web server.\",\"comment\":\"Limited logins to 10 requests per minute.\"},\"wednesday\":{\"task\":\"Setting up Fail2ban to block IPs showing malicious behavior.\",\"comment\":\"Integrated with SSH login logs.\"},\"thursday\":{\"task\":\"Testing data recovery procedures from recent system backups.\",\"comment\":\"Successfully restored backup test schema.\"},\"friday\":{\"task\":\"Participating in an incident response dry-run meeting.\",\"comment\":\"Shared rate limit configurations with dev team.\"}}', 'Approved', 'Strong work. Incident dry runs are very educational.', 'Joseph is working very hard on blocking script-based attacks.'),
(16, 5, '2026-06-01', '2026-06-05', '{\"monday\":{\"task\":\"Simulating a DDoS attack in a controlled sandbox.\",\"comment\":\"Used Apache Bench tool.\"},\"tuesday\":{\"task\":\"Configuring rate limiting rules on Nginx web server.\",\"comment\":\"Limited logins to 10 requests per minute.\"},\"wednesday\":{\"task\":\"Setting up Fail2ban to block IPs showing malicious behavior.\",\"comment\":\"Integrated with SSH login logs.\"},\"thursday\":{\"task\":\"Testing data recovery procedures from recent system backups.\",\"comment\":\"Successfully restored backup test schema.\"},\"friday\":{\"task\":\"Participating in an incident response dry-run meeting.\",\"comment\":\"Shared rate limit configurations with dev team.\"}}', 'Approved', 'Very complete and relevant tasks. Cloud setups are essential.', 'Beatrice shows consistent execution and security discipline.');

-- Week 6 (Pending)
INSERT INTO `logbook` (`AttachmentID`, `WeekNumber`, `StartDate`, `EndDate`, `Activities`, `Status`, `AcademicSupervisorComments`, `HostSupervisorComments`) VALUES
(2, 6, '2026-06-08', '2026-06-12', '{\"monday\":{\"task\":\"Performing authorized pentesting on a dummy application.\",\"comment\":\"Tested session cookies settings.\"},\"tuesday\":{\"task\":\"Exploiting an outdated SSH version to gain user access.\",\"comment\":\"Tested in isolated sandbox.\"},\"wednesday\":{\"task\":\"Conducting privilege escalation testing using local exploits.\",\"comment\":\"Successfully proved root vulnerability.\"},\"thursday\":{\"task\":\"Reporting the exact steps to reproduce the exploit.\",\"comment\":\"Delivered detailed write-up.\"},\"friday\":{\"task\":\"Verifying the patches implemented by the dev team.\",\"comment\":\"Verified SSH version is upgraded.\"}}', 'Pending', NULL, NULL),
(9, 6, '2026-06-08', '2026-06-12', '{\"monday\":{\"task\":\"Performing authorized pentesting on a dummy application.\",\"comment\":\"Tested session cookies settings.\"},\"tuesday\":{\"task\":\"Exploiting an outdated SSH version to gain user access.\",\"comment\":\"Tested in isolated sandbox.\"},\"wednesday\":{\"task\":\"Conducting privilege escalation testing using local exploits.\",\"comment\":\"Successfully proved root vulnerability.\"},\"thursday\":{\"task\":\"Reporting the exact steps to reproduce the exploit.\",\"comment\":\"Delivered detailed write-up.\"},\"friday\":{\"task\":\"Verifying the patches implemented by the dev team.\",\"comment\":\"Verified SSH version is upgraded.\"}}', 'Pending', NULL, NULL),
(16, 6, '2026-06-08', '2026-06-12', '{\"monday\":{\"task\":\"Performing authorized pentesting on a dummy application.\",\"comment\":\"Tested session cookies settings.\"},\"tuesday\":{\"task\":\"Exploiting an outdated SSH version to gain user access.\",\"comment\":\"Tested in isolated sandbox.\"},\"wednesday\":{\"task\":\"Conducting privilege escalation testing using local exploits.\",\"comment\":\"Successfully proved root vulnerability.\"},\"thursday\":{\"task\":\"Reporting the exact steps to reproduce the exploit.\",\"comment\":\"Delivered detailed write-up.\"},\"friday\":{\"task\":\"Verifying the patches implemented by the dev team.\",\"comment\":\"Verified SSH version is upgraded.\"}}', 'Pending', NULL, NULL);


-- STUDENT 3, 10, 17 (Role: Data Science Intern)
-- Week 1
INSERT INTO `logbook` (`AttachmentID`, `WeekNumber`, `StartDate`, `EndDate`, `Activities`, `Status`, `AcademicSupervisorComments`, `HostSupervisorComments`) VALUES
(3, 1, '2026-05-04', '2026-05-08', '{\"monday\":{\"task\":\"Setting up Anaconda environment and Jupyter notebooks.\",\"comment\":\"All libraries resolved.\"},\"tuesday\":{\"task\":\"Refreshing knowledge of Pandas, NumPy, and Matplotlib.\",\"comment\":\"Practiced array slices.\"},\"wednesday\":{\"task\":\"Loading CSV datasets and checking for missing values.\",\"comment\":\"Identified 15% null values in transaction logs.\"},\"thursday\":{\"task\":\"Performing basic data imputation and cleaning techniques.\",\"comment\":\"Used median imputation.\"},\"friday\":{\"task\":\"Presenting initial descriptive statistics to the supervisor.\",\"comment\":\"Created clean bar charts.\"}}', 'Approved', 'Great start. Ensure data source cleaning is fully documented.', 'David adapted quickly to our standard Python packages.'),
(10, 1, '2026-05-04', '2026-05-08', '{\"monday\":{\"task\":\"Setting up Anaconda environment and Jupyter notebooks.\",\"comment\":\"All libraries resolved.\"},\"tuesday\":{\"task\":\"Refreshing knowledge of Pandas, NumPy, and Matplotlib.\",\"comment\":\"Practiced array slices.\"},\"wednesday\":{\"task\":\"Loading CSV datasets and checking for missing values.\",\"comment\":\"Identified 15% null values in transaction logs.\"},\"thursday\":{\"task\":\"Performing basic data imputation and cleaning techniques.\",\"comment\":\"Used median imputation.\"},\"friday\":{\"task\":\"Presenting initial descriptive statistics to the supervisor.\",\"comment\":\"Created clean bar charts.\"}}', 'Approved', 'Good initial overview. Keep detailing data operations.', 'Sarah demonstrated immediate competence with Pandas manipulation.'),
(17, 1, '2026-05-04', '2026-05-08', '{\"monday\":{\"task\":\"Setting up Anaconda environment and Jupyter notebooks.\",\"comment\":\"All libraries resolved.\"},\"tuesday\":{\"task\":\"Refreshing knowledge of Pandas, NumPy, and Matplotlib.\",\"comment\":\"Practiced array slices.\"},\"wednesday\":{\"task\":\"Loading CSV datasets and checking for missing values.\",\"comment\":\"Identified 15% null values in transaction logs.\"},\"thursday\":{\"task\":\"Performing basic data imputation and cleaning techniques.\",\"comment\":\"Used median imputation.\"},\"friday\":{\"task\":\"Presenting initial descriptive statistics to the supervisor.\",\"comment\":\"Created clean bar charts.\"}}', 'Approved', 'Solid beginning. Document all libraries used.', 'Emmanuel displayed outstanding analytical promise.');

-- Week 2
INSERT INTO `logbook` (`AttachmentID`, `WeekNumber`, `StartDate`, `EndDate`, `Activities`, `Status`, `AcademicSupervisorComments`, `HostSupervisorComments`) VALUES
(3, 2, '2026-05-11', '2026-05-15', '{\"monday\":{\"task\":\"Plotting histograms and boxplots to detect outliers.\",\"comment\":\"Found anomalies in high-value columns.\"},\"tuesday\":{\"task\":\"Analyzing correlations between variables using heatmaps.\",\"comment\":\"Identified strong positive correlations between size and cost.\"},\"wednesday\":{\"task\":\"Grouping data by categories and calculating aggregations.\",\"comment\":\"Analyzed average spend per region.\"},\"thursday\":{\"task\":\"Cleaning text data using regular expressions.\",\"comment\":\"Extracted phone prefixes.\"},\"friday\":{\"task\":\"Drafting an exploratory analysis report.\",\"comment\":\"Report approved by supervisor.\"}}', 'Approved', 'Strong work on identifying outliers. Keep up the descriptive analysis.', 'David prepared an excellent correlation map of our market data.'),
(10, 2, '2026-05-11', '2026-05-15', '{\"monday\":{\"task\":\"Plotting histograms and boxplots to detect outliers.\",\"comment\":\"Found anomalies in high-value columns.\"},\"tuesday\":{\"task\":\"Analyzing correlations between variables using heatmaps.\",\"comment\":\"Identified strong positive correlations between size and cost.\"},\"wednesday\":{\"task\":\"Grouping data by categories and calculating aggregations.\",\"comment\":\"Analyzed average spend per region.\"},\"thursday\":{\"task\":\"Cleaning text data using regular expressions.\",\"comment\":\"Extracted phone prefixes.\"},\"friday\":{\"task\":\"Drafting an exploratory analysis report.\",\"comment\":\"Report approved by supervisor.\"}}', 'Approved', 'Outlier detection is critical. Good job using boxplots.', 'Sarah is highly organized in presenting dataset reports.'),
(17, 2, '2026-05-11', '2026-05-15', '{\"monday\":{\"task\":\"Plotting histograms and boxplots to detect outliers.\",\"comment\":\"Found anomalies in high-value columns.\"},\"tuesday\":{\"task\":\"Analyzing correlations between variables using heatmaps.\",\"comment\":\"Identified strong positive correlations between size and cost.\"},\"wednesday\":{\"task\":\"Grouping data by categories and calculating aggregations.\",\"comment\":\"Analyzed average spend per region.\"},\"thursday\":{\"task\":\"Cleaning text data using regular expressions.\",\"comment\":\"Extracted phone prefixes.\"},\"friday\":{\"task\":\"Drafting an exploratory analysis report.\",\"comment\":\"Report approved by supervisor.\"}}', 'Approved', 'Excellent correlation insights.', 'Emmanuel has integrated well with our reporting unit.');

-- Week 3
INSERT INTO `logbook` (`AttachmentID`, `WeekNumber`, `StartDate`, `EndDate`, `Activities`, `Status`, `AcademicSupervisorComments`, `HostSupervisorComments`) VALUES
(3, 3, '2026-05-18', '2026-05-22', '{\"monday\":{\"task\":\"Writing complex SQL queries with nested subqueries and JOINs.\",\"comment\":\"Queried multi-tier customer tables.\"},\"tuesday\":{\"task\":\"Optimizing query performance by adding database indexes.\",\"comment\":\"Reduced runtimes from 8s to 0.4s.\"},\"wednesday\":{\"task\":\"Connecting python scripts to MySQL database using SQLAlchemy.\",\"comment\":\"Used ORM setups.\"},\"thursday\":{\"task\":\"Migrating clean CSV data into relational tables.\",\"comment\":\"Successfully inserted 10k rows.\"},\"friday\":{\"task\":\"Automating data extraction queries into a cron job.\",\"comment\":\"Pushed bash automation script.\"}}', 'Approved', 'Excellent database work. Query optimization was highly successful.', 'The database optimization task was handled very professionally.'),
(10, 3, '2026-05-18', '2026-05-22', '{\"monday\":{\"task\":\"Writing complex SQL queries with nested subqueries and JOINs.\",\"comment\":\"Queried multi-tier customer tables.\"},\"tuesday\":{\"task\":\"Optimizing query performance by adding database indexes.\",\"comment\":\"Reduced runtimes from 8s to 0.4s.\"},\"wednesday\":{\"task\":\"Connecting python scripts to MySQL database using SQLAlchemy.\",\"comment\":\"Used ORM setups.\"},\"thursday\":{\"task\":\"Migrating clean CSV data into relational tables.\",\"comment\":\"Successfully inserted 10k rows.\"},\"friday\":{\"task\":\"Automating data extraction queries into a cron job.\",\"comment\":\"Pushed bash automation script.\"}}', 'Approved', 'Keep practicing SQL optimization.', 'Sarah helped clean up our legacy reporting queries.'),
(17, 3, '2026-05-18', '2026-05-22', '{\"monday\":{\"task\":\"Writing complex SQL queries with nested subqueries and JOINs.\",\"comment\":\"Queried multi-tier customer tables.\"},\"tuesday\":{\"task\":\"Optimizing query performance by adding database indexes.\",\"comment\":\"Reduced runtimes from 8s to 0.4s.\"},\"wednesday\":{\"task\":\"Connecting python scripts to MySQL database using SQLAlchemy.\",\"comment\":\"Used ORM setups.\"},\"thursday\":{\"task\":\"Migrating clean CSV data into relational tables.\",\"comment\":\"Successfully inserted 10k rows.\"},\"friday\":{\"task\":\"Automating data extraction queries into a cron job.\",\"comment\":\"Pushed bash automation script.\"}}', 'Approved', 'ORM connections are very standard. Good job.', 'Excellent implementation of the cron automation.');

-- Week 4
INSERT INTO `logbook` (`AttachmentID`, `WeekNumber`, `StartDate`, `EndDate`, `Activities`, `Status`, `AcademicSupervisorComments`, `HostSupervisorComments`) VALUES
(3, 4, '2026-05-25', '2026-05-29', '{\"monday\":{\"task\":\"Splitting data into training and testing sets.\",\"comment\":\"Applied stratified splitting.\"},\"tuesday\":{\"task\":\"Training a simple Linear Regression model for price forecasting.\",\"comment\":\"Identified coefficient values.\"},\"wednesday\":{\"task\":\"Evaluating model performance using MSE and R-squared metrics.\",\"comment\":\"Achieved R-squared of 0.82.\"},\"thursday\":{\"task\":\"Hyperparameter tuning using GridSearchCV.\",\"comment\":\"Optimized model parameters.\"},\"friday\":{\"task\":\"Saving the trained model using Joblib.\",\"comment\":\"Model saved to production artifacts.\"}}', 'Approved', 'Good exposure to core Machine Learning flows.', 'David trained a solid forecasting model during this cycle.'),
(10, 4, '2026-05-25', '2026-05-29', '{\"monday\":{\"task\":\"Splitting data into training and testing sets.\",\"comment\":\"Applied stratified splitting.\"},\"tuesday\":{\"task\":\"Training a simple Linear Regression model for price forecasting.\",\"comment\":\"Identified coefficient values.\"},\"wednesday\":{\"task\":\"Evaluating model performance using MSE and R-squared metrics.\",\"comment\":\"Achieved R-squared of 0.82.\"},\"thursday\":{\"task\":\"Hyperparameter tuning using GridSearchCV.\",\"comment\":\"Optimized model parameters.\"},\"friday\":{\"task\":\"Saving the trained model using Joblib.\",\"comment\":\"Model saved to production artifacts.\"}}', 'Approved', 'Understanding metrics like R-squared is crucial. Well done.', 'Sarah worked meticulously on hyperparameter adjustments.'),
(17, 4, '2026-05-25', '2026-05-29', '{\"monday\":{\"task\":\"Splitting data into training and testing sets.\",\"comment\":\"Applied stratified splitting.\"},\"tuesday\":{\"task\":\"Training a simple Linear Regression model for price forecasting.\",\"comment\":\"Identified coefficient values.\"},\"wednesday\":{\"task\":\"Evaluating model performance using MSE and R-squared metrics.\",\"comment\":\"Achieved R-squared of 0.82.\"},\"thursday\":{\"task\":\"Hyperparameter tuning using GridSearchCV.\",\"comment\":\"Optimized model parameters.\"},\"friday\":{\"task\":\"Saving the trained model using Joblib.\",\"comment\":\"Model saved to production artifacts.\"}}', 'Approved', 'Solid evaluation pipeline.', 'Emmanuel showed deep mathematical understanding of regression metrics.');

-- Week 5
INSERT INTO `logbook` (`AttachmentID`, `WeekNumber`, `StartDate`, `EndDate`, `Activities`, `Status`, `AcademicSupervisorComments`, `HostSupervisorComments`) VALUES
(3, 5, '2026-06-01', '2026-06-05', '{\"monday\":{\"task\":\"Building an interactive dashboard using Streamlit.\",\"comment\":\"Created sidebar controls.\"},\"tuesday\":{\"task\":\"Adding dropdowns and sliders to filter dashboard data.\",\"comment\":\"Allowed multi-region filters.\"},\"wednesday\":{\"task\":\"Integrating Plotly charts for dynamic visualizations.\",\"comment\":\"Implemented dynamic scatterplots.\"},\"thursday\":{\"task\":\"Deploying the Streamlit dashboard to Heroku.\",\"comment\":\"Encountered deployment logs issue, fixed buildpacks.\"},\"friday\":{\"task\":\"Presenting the working dashboard to the analytics team.\",\"comment\":\"Positive reception from stakeholders.\"}}', 'Approved', 'Interactive dashboards are standard for showing business insights. Good work.', 'The Streamlit presentation was excellent and informative.'),
(10, 5, '2026-06-01', '2026-06-05', '{\"monday\":{\"task\":\"Building an interactive dashboard using Streamlit.\",\"comment\":\"Created sidebar controls.\"},\"tuesday\":{\"task\":\"Adding dropdowns and sliders to filter dashboard data.\",\"comment\":\"Allowed multi-region filters.\"},\"wednesday\":{\"task\":\"Integrating Plotly charts for dynamic visualizations.\",\"comment\":\"Implemented dynamic scatterplots.\"},\"thursday\":{\"task\":\"Deploying the Streamlit dashboard to Heroku.\",\"comment\":\"Encountered deployment logs issue, fixed buildpacks.\"},\"friday\":{\"task\":\"Presenting the working dashboard to the analytics team.\",\"comment\":\"Positive reception from stakeholders.\"}}', 'Approved', 'Great frontend representation of data.', 'Sarah successfully pushed her dashboard to staging.'),
(17, 5, '2026-06-01', '2026-06-05', '{\"monday\":{\"task\":\"Building an interactive dashboard using Streamlit.\",\"comment\":\"Created sidebar controls.\"},\"tuesday\":{\"task\":\"Adding dropdowns and sliders to filter dashboard data.\",\"comment\":\"Allowed multi-region filters.\"},\"wednesday\":{\"task\":\"Integrating Plotly charts for dynamic visualizations.\",\"comment\":\"Implemented dynamic scatterplots.\"},\"thursday\":{\"task\":\"Deploying the Streamlit dashboard to Heroku.\",\"comment\":\"Encountered deployment logs issue, fixed buildpacks.\"},\"friday\":{\"task\":\"Presenting the working dashboard to the analytics team.\",\"comment\":\"Positive reception from stakeholders.\"}}', 'Approved', 'Excellent work deploying a real dashboard.', 'The interactive Plotly visualizations were well received.');

-- Week 6 (Pending)
INSERT INTO `logbook` (`AttachmentID`, `WeekNumber`, `StartDate`, `EndDate`, `Activities`, `Status`, `AcademicSupervisorComments`, `HostSupervisorComments`) VALUES
(3, 6, '2026-06-08', '2026-06-12', '{\"monday\":{\"task\":\"Learning about Apache Spark architecture.\",\"comment\":\"Understood RDDs structure.\"},\"tuesday\":{\"task\":\"Reading parquet files using PySpark.\",\"comment\":\"Processed files in partitions.\"},\"wednesday\":{\"task\":\"Setting up an AWS S3 bucket for data storage.\",\"comment\":\"Configured bucket policy access.\"},\"thursday\":{\"task\":\"Running a basic ETL pipeline in the cloud.\",\"comment\":\"Extracted, transformed, and loaded data.\"},\"friday\":{\"task\":\"Writing documentation for the data pipeline.\",\"comment\":\"Saved as markdown file.\"}}', 'Pending', NULL, NULL),
(10, 6, '2026-06-08', '2026-06-12', '{\"monday\":{\"task\":\"Learning about Apache Spark architecture.\",\"comment\":\"Understood RDDs structure.\"},\"tuesday\":{\"task\":\"Reading parquet files using PySpark.\",\"comment\":\"Processed files in partitions.\"},\"wednesday\":{\"task\":\"Setting up an AWS S3 bucket for data storage.\",\"comment\":\"Configured bucket policy access.\"},\"thursday\":{\"task\":\"Running a basic ETL pipeline in the cloud.\",\"comment\":\"Extracted, transformed, and loaded data.\"},\"friday\":{\"task\":\"Writing documentation for the data pipeline.\",\"comment\":\"Saved as markdown file.\"}}', 'Pending', NULL, NULL),
(17, 6, '2026-06-08', '2026-06-12', '{\"monday\":{\"task\":\"Learning about Apache Spark architecture.\",\"comment\":\"Understood RDDs structure.\"},\"tuesday\":{\"task\":\"Reading parquet files using PySpark.\",\"comment\":\"Processed files in partitions.\"},\"wednesday\":{\"task\":\"Setting up an AWS S3 bucket for data storage.\",\"comment\":\"Configured bucket policy access.\"},\"thursday\":{\"task\":\"Running a basic ETL pipeline in the cloud.\",\"comment\":\"Extracted, transformed, and loaded data.\"},\"friday\":{\"task\":\"Writing documentation for the data pipeline.\",\"comment\":\"Saved as markdown file.\"}}', 'Pending', NULL, NULL);


-- STUDENT 4, 11, 18 (Role: Web Development Intern)
-- Week 1
INSERT INTO `logbook` (`AttachmentID`, `WeekNumber`, `StartDate`, `EndDate`, `Activities`, `Status`, `AcademicSupervisorComments`, `HostSupervisorComments`) VALUES
(4, 1, '2026-05-04', '2026-05-08', '{\"monday\":{\"task\":\"Setting up visual editor and Git version control.\",\"comment\":\"Initialized local git repository.\"},\"tuesday\":{\"task\":\"Writing semantic HTML5 structures for a landing page.\",\"comment\":\"Used section, article, and footer.\"},\"wednesday\":{\"task\":\"Creating responsive CSS layouts using Flexbox and Grid.\",\"comment\":\"Familiarized with grid-template-columns.\"},\"thursday\":{\"task\":\"Implementing css media queries for mobile-first responsiveness.\",\"comment\":\"Adapted layouts for screen widths < 768px.\"},\"friday\":{\"task\":\"Pushing the code to GitHub and hosting on Netlify.\",\"comment\":\"Created dynamic deploy pipeline.\"}}', 'Approved', 'Good focus on HTML5 semantics. Critical for accessibility.', 'Grace showed good competence in handling CSS frameworks.'),
(11, 1, '2026-05-04', '2026-05-08', '{\"monday\":{\"task\":\"Setting up visual editor and Git version control.\",\"comment\":\"Initialized local git repository.\"},\"tuesday\":{\"task\":\"Writing semantic HTML5 structures for a landing page.\",\"comment\":\"Used section, article, and footer.\"},\"wednesday\":{\"task\":\"Creating responsive CSS layouts using Flexbox and Grid.\",\"comment\":\"Familiarized with grid-template-columns.\"},\"thursday\":{\"task\":\"Implementing css media queries for mobile-first responsiveness.\",\"comment\":\"Adapted layouts for screen widths < 768px.\"},\"friday\":{\"task\":\"Pushing the code to GitHub and hosting on Netlify.\",\"comment\":\"Created dynamic deploy pipeline.\"}}', 'Approved', 'Good initial progress. Semantic code is very clean.', 'Peter demonstrated immediate web layout abilities.'),
(18, 1, '2026-05-04', '2026-05-08', '{\"monday\":{\"task\":\"Setting up visual editor and Git version control.\",\"comment\":\"Initialized local git repository.\"},\"tuesday\":{\"task\":\"Writing semantic HTML5 structures for a landing page.\",\"comment\":\"Used section, article, and footer.\"},\"wednesday\":{\"task\":\"Creating responsive CSS layouts using Flexbox and Grid.\",\"comment\":\"Familiarized with grid-template-columns.\"},\"thursday\":{\"task\":\"Implementing css media queries for mobile-first responsiveness.\",\"comment\":\"Adapted layouts for screen widths < 768px.\"},\"friday\":{\"task\":\"Pushing the code to GitHub and hosting on Netlify.\",\"comment\":\"Created dynamic deploy pipeline.\"}}', 'Approved', 'Solid beginning. Keep documenting css details.', 'Gloria has integrated well with our creative branch.');

-- Week 2
INSERT INTO `logbook` (`AttachmentID`, `WeekNumber`, `StartDate`, `EndDate`, `Activities`, `Status`, `AcademicSupervisorComments`, `HostSupervisorComments`) VALUES
(4, 2, '2026-05-11', '2026-05-15', '{\"monday\":{\"task\":\"Manipulating the DOM using vanilla JavaScript.\",\"comment\":\"Learned querySelector.\"},\"tuesday\":{\"task\":\"Creating dynamic content lists and event listeners.\",\"comment\":\"Implemented click event listings.\"},\"wednesday\":{\"task\":\"Validating login forms before submission.\",\"comment\":\"Checked passwords lengths.\"},\"thursday\":{\"task\":\"Fetching random user data from a public API.\",\"comment\":\"Parsed JSON response fields.\"},\"friday\":{\"task\":\"Creating a dark/light mode toggle.\",\"comment\":\"Pushed preferences to cookie session.\"}}', 'Approved', 'Good vanilla JS DOM practice. Form validations are important.', 'Form validation layouts were delivered neatly.'),
(11, 2, '2026-05-11', '2026-05-15', '{\"monday\":{\"task\":\"Manipulating the DOM using vanilla JavaScript.\",\"comment\":\"Learned querySelector.\"},\"tuesday\":{\"task\":\"Creating dynamic content lists and event listeners.\",\"comment\":\"Implemented click event listings.\"},\"wednesday\":{\"task\":\"Validating login forms before submission.\",\"comment\":\"Checked passwords lengths.\"},\"thursday\":{\"task\":\"Fetching random user data from a public API.\",\"comment\":\"Parsed JSON response fields.\"},\"friday\":{\"task\":\"Creating a dark/light mode toggle.\",\"comment\":\"Pushed preferences to cookie session.\"}}', 'Approved', 'Vanilla JS experience is highly valuable.', 'Peter wrote a clean class selection logic for the light/dark toggle.'),
(18, 2, '2026-05-11', '2026-05-15', '{\"monday\":{\"task\":\"Manipulating the DOM using vanilla JavaScript.\",\"comment\":\"Learned querySelector.\"},\"tuesday\":{\"task\":\"Creating dynamic content lists and event listeners.\",\"comment\":\"Implemented click event listings.\"},\"wednesday\":{\"task\":\"Validating login forms before submission.\",\"comment\":\"Checked passwords lengths.\"},\"thursday\":{\"task\":\"Fetching random user data from a public API.\",\"comment\":\"Parsed JSON response fields.\"},\"friday\":{\"task\":\"Creating a dark/light mode toggle.\",\"comment\":\"Pushed preferences to cookie session.\"}}', 'Approved', 'Good JavaScript logic.', 'Gloria continues to show impressive frontend adaptation.');

-- Week 3
INSERT INTO `logbook` (`AttachmentID`, `WeekNumber`, `StartDate`, `EndDate`, `Activities`, `Status`, `AcademicSupervisorComments`, `HostSupervisorComments`) VALUES
(4, 3, '2026-05-18', '2026-05-22', '{\"monday\":{\"task\":\"Exploring Bootstrap utility classes and components.\",\"comment\":\"Practiced styling modal forms.\"},\"tuesday\":{\"task\":\"Re-building the layout using Tailwind CSS.\",\"comment\":\"Learned utility-first workflow concepts.\"},\"wednesday\":{\"task\":\"Creating customizable modal dialogs and dropdowns.\",\"comment\":\"Configured dynamic click attributes.\"},\"thursday\":{\"task\":\"Optimizing CSS files for production using PurgeCSS.\",\"comment\":\"Reduced css payload by 80%.\"},\"friday\":{\"task\":\"Presenting the redesigned UI to the client.\",\"comment\":\"Client approved layout design.\"}}', 'Approved', 'Nice CSS optimizations. Keep using PurgeCSS to save bandwidth.', 'Tailwind CSS layouts look clean. PurgeCSS is a great addition.'),
(11, 3, '2026-05-18', '2026-05-22', '{\"monday\":{\"task\":\"Exploring Bootstrap utility classes and components.\",\"comment\":\"Practiced styling modal forms.\"},\"tuesday\":{\"task\":\"Re-building the layout using Tailwind CSS.\",\"comment\":\"Learned utility-first workflow concepts.\"},\"wednesday\":{\"task\":\"Creating customizable modal dialogs and dropdowns.\",\"comment\":\"Configured dynamic click attributes.\"},\"thursday\":{\"task\":\"Optimizing CSS files for production using PurgeCSS.\",\"comment\":\"Reduced css payload by 80%.\"},\"friday\":{\"task\":\"Presenting the redesigned UI to the client.\",\"comment\":\"Client approved layout design.\"}}', 'Approved', 'Excellent work optimization.', 'Peter handled CSS compiling config setups with ease.'),
(18, 3, '2026-05-18', '2026-05-22', '{\"monday\":{\"task\":\"Exploring Bootstrap utility classes and components.\",\"comment\":\"Practiced styling modal forms.\"},\"tuesday\":{\"task\":\"Re-building the layout using Tailwind CSS.\",\"comment\":\"Learned utility-first workflow concepts.\"},\"wednesday\":{\"task\":\"Creating customizable modal dialogs and dropdowns.\",\"comment\":\"Configured dynamic click attributes.\"},\"thursday\":{\"task\":\"Optimizing CSS files for production using PurgeCSS.\",\"comment\":\"Reduced css payload by 80%.\"},\"friday\":{\"task\":\"Presenting the redesigned UI to the client.\",\"comment\":\"Client approved layout design $\$ \"}}', 'Approved', 'Very practical application designs.', 'Gloria is contributing well during client review meetings.');

-- Week 4
INSERT INTO `logbook` (`AttachmentID`, `WeekNumber`, `StartDate`, `EndDate`, `Activities`, `Status`, `AcademicSupervisorComments`, `HostSupervisorComments`) VALUES
(4, 4, '2026-05-25', '2026-05-29', '{\"monday\":{\"task\":\"Learning React JSX syntax and component structure.\",\"comment\":\"Created layout headers in React.\"},\"tuesday\":{\"task\":\"Passing data using Props and managing local State.\",\"comment\":\"Implemented state filters.\"},\"wednesday\":{\"task\":\"Handling side effects with the useEffect hook.\",\"comment\":\"Fetched dynamic database entries.\"},\"thursday\":{\"task\":\"Building a multi-step form wizard component.\",\"comment\":\"Created dynamic next/back buttons.\"},\"friday\":{\"task\":\"Structuring navigation using React Router.\",\"comment\":\"Defined private routing paths.\"}}', 'Approved', 'Core React framework is very important. Good job on router parameters.', 'Grace managed component routing setups perfectly.'),
(11, 4, '2026-05-25', '2026-05-29', '{\"monday\":{\"task\":\"Learning React JSX syntax and component structure.\",\"comment\":\"Created layout headers in React.\"},\"tuesday\":{\"task\":\"Passing data using Props and managing local State.\",\"comment\":\"Implemented state filters.\"},\"wednesday\":{\"task\":\"Handling side effects with the useEffect hook.\",\"comment\":\"Fetched dynamic database entries.\"},\"thursday\":{\"task\":\"Building a multi-step form wizard component.\",\"comment\":\"Created dynamic next/back buttons.\"},\"friday\":{\"task\":\"Structuring navigation using React Router.\",\"comment\":\"Defined private routing paths.\"}}', 'Approved', 'React components look well-structured.', 'Peter has picked up state hooks faster than expected.'),
(18, 4, '2026-05-25', '2026-05-29', '{\"monday\":{\"task\":\"Learning React JSX syntax and component structure.\",\"comment\":\"Created layout headers in React.\"},\"tuesday\":{\"task\":\"Passing data using Props and managing local State.\",\"comment\":\"Implemented state filters.\"},\"wednesday\":{\"task\":\"Handling side effects with the useEffect hook.\",\"comment\":\"Fetched dynamic database entries.\"},\"thursday\":{\"task\":\"Building a multi-step form wizard component.\",\"comment\":\"Created dynamic next/back buttons.\"},\"friday\":{\"task\":\"Structuring navigation using React Router.\",\"comment\":\"Defined private routing paths.\"}}', 'Approved', 'Private routing setup is a good security measure.', 'Gloria completed the dynamic multi-step signup components.');

-- Week 5
INSERT INTO `logbook` (`AttachmentID`, `WeekNumber`, `StartDate`, `EndDate`, `Activities`, `Status`, `AcademicSupervisorComments`, `HostSupervisorComments`) VALUES
(4, 5, '2026-06-01', '2026-06-05', '{\"monday\":{\"task\":\"Learning about global state using Context API.\",\"comment\":\"Set up context provider layers.\"},\"tuesday\":{\"task\":\"Integrating dynamic API requests with React application.\",\"comment\":\"Integrated Axios calls.\"},\"wednesday\":{\"task\":\"Storing user preferences in LocalStorage.\",\"comment\":\"Persisted theme settings.\"},\"thursday\":{\"task\":\"Creating custom loading skeletons for data fetching.\",\"comment\":\"Created CSS shimmer layout animations.\"},\"friday\":{\"task\":\"Deploying the React app to Vercel.\",\"comment\":\"Configured environment secrets on dashboard.\"}}', 'Approved', 'Great execution of LocalStorage and skeleton screens. Clean visual layouts.', 'Vercel deploy works perfectly in staging environments.'),
(11, 5, '2026-06-01', '2026-06-05', '{\"monday\":{\"task\":\"Learning about global state using Context API.\",\"comment\":\"Set up context provider layers.\"},\"tuesday\":{\"task\":\"Integrating dynamic API requests with React application.\",\"comment\":\"Integrated Axios calls.\"},\"wednesday\":{\"task\":\"Storing user preferences in LocalStorage.\",\"comment\":\"Persisted theme settings.\"},\"thursday\":{\"task\":\"Creating custom loading skeletons for data fetching.\",\"comment\":\"Created CSS shimmer layout animations.\"},\"friday\":{\"task\":\"Deploying the React app to Vercel.\",\"comment\":\"Configured environment secrets on dashboard.\"}}', 'Approved', 'Good practical coverage of modern frontend deployment.', 'Peter has designed a beautiful skeletal loading layout.'),
(18, 5, '2026-06-01', '2026-06-05', '{\"monday\":{\"task\":\"Learning about global state using Context API.\",\"comment\":\"Set up context provider layers.\"},\"tuesday\":{\"task\":\"Integrating dynamic API requests with React application.\",\"comment\":\"Integrated Axios calls.\"},\"wednesday\":{\"task\":\"Storing user preferences in LocalStorage.\",\"comment\":\"Persisted theme settings.\"},\"thursday\":{\"task\":\"Creating custom loading skeletons for data fetching.\",\"comment\":\"Created CSS shimmer layout animations.\"},\"friday\":{\"task\":\"Deploying the React app to Vercel.\",\"comment\":\"Configured environment secrets on dashboard.\"}}', 'Approved', 'State handling looks strong.', 'Excellent implementation of context state and theme management.');

-- Week 6 (Pending)
INSERT INTO `logbook` (`AttachmentID`, `WeekNumber`, `StartDate`, `EndDate`, `Activities`, `Status`, `AcademicSupervisorComments`, `HostSupervisorComments`) VALUES
(4, 6, '2026-06-08', '2026-06-12', '{\"monday\":{\"task\":\"Writing basic unit tests using Jest.\",\"comment\":\"Tested component mount logic.\"},\"tuesday\":{\"task\":\"Testing interactive buttons and forms.\",\"comment\":\"Simulated form submit events.\"},\"wednesday\":{\"task\":\"Optimizing image assets and using lazy loading.\",\"comment\":\"Implemented intersection observer.\"},\"thursday\":{\"task\":\"Debugging console errors and resolving memory leaks.\",\"comment\":\"Cleaned up event listeners.\"},\"friday\":{\"task\":\"Final code review and project handoff.\",\"comment\":\"Completed final deployment docs.\"}}', 'Pending', NULL, NULL),
(11, 6, '2026-06-08', '2026-06-12', '{\"monday\":{\"task\":\"Writing basic unit tests using Jest.\",\"comment\":\"Tested component mount logic.\"},\"tuesday\":{\"task\":\"Testing interactive buttons and forms.\",\"comment\":\"Simulated form submit events.\"},\"wednesday\":{\"task\":\"Optimizing image assets and using lazy loading.\",\"comment\":\"Implemented intersection observer.\"},\"thursday\":{\"task\":\"Debugging console errors and resolving memory leaks.\",\"comment\":\"Cleaned up event listeners.\"},\"friday\":{\"task\":\"Final code review and project handoff.\",\"comment\":\"Completed final deployment docs.\"}}', 'Pending', NULL, NULL),
(18, 6, '2026-06-08', '2026-06-12', '{\"monday\":{\"task\":\"Writing basic unit tests using Jest.\",\"comment\":\"Tested component mount logic.\"},\"tuesday\":{\"task\":\"Testing interactive buttons and forms.\",\"comment\":\"Simulated form submit events.\"},\"wednesday\":{\"task\":\"Optimizing image assets and using lazy loading.\",\"comment\":\"Implemented intersection observer.\"},\"thursday\":{\"task\":\"Debugging console errors and resolving memory leaks.\",\"comment\":\"Cleaned up event listeners.\"},\"friday\":{\"task\":\"Final code review and project handoff.\",\"comment\":\"Completed final deployment docs.\"}}', 'Pending', NULL, NULL);


-- STUDENT 5, 12, 19 (Role: Network Engineering Intern)
-- Week 1
INSERT INTO `logbook` (`AttachmentID`, `WeekNumber`, `StartDate`, `EndDate`, `Activities`, `Status`, `AcademicSupervisorComments`, `HostSupervisorComments`) VALUES
(5, 1, '2026-05-04', '2026-05-08', '{\"monday\":{\"task\":\"Lab safety training and introduction to network infrastructure.\",\"comment\":\"Understood server room standards.\"},\"tuesday\":{\"task\":\"Terminating Ethernet cables (CAT6) with RJ45 connectors.\",\"comment\":\"Crimped 10 patch cords.\"},\"wednesday\":{\"task\":\"Testing cable continuity and diagnosing faulty connections.\",\"comment\":\"Used cable tester tool.\"},\"thursday\":{\"task\":\"Documenting network racks and labeling patch panels.\",\"comment\":\"Created detailed rack mapping schema.\"},\"friday\":{\"task\":\"Helping deploy wireless access points in the office.\",\"comment\":\"Mounted APs in West Wing.\"}}', 'Approved', 'Good practical foundation. Keep documenting network rack changes.', 'Patrick was helpful and active with patch cables crimping.'),
(12, 1, '2026-05-04', '2026-05-08', '{\"monday\":{\"task\":\"Lab safety training and introduction to network infrastructure.\",\"comment\":\"Understood server room standards.\"},\"tuesday\":{\"task\":\"Terminating Ethernet cables (CAT6) with RJ45 connectors.\",\"comment\":\"Crimped 10 patch cords.\"},\"wednesday\":{\"task\":\"Testing cable continuity and diagnosing faulty connections.\",\"comment\":\"Used cable tester tool.\"},\"thursday\":{\"task\":\"Documenting network racks and labeling patch panels.\",\"comment\":\"Created detailed rack mapping schema.\"},\"friday\":{\"task\":\"Helping deploy wireless access points in the office.\",\"comment\":\"Mounted APs in West Wing.\"}}', 'Approved', 'Good documentation of physical network rack layers.', 'Alice has integrated well with the hardware deployment team.'),
(19, 1, '2026-05-04', '2026-05-08', '{\"monday\":{\"task\":\"Lab safety training and introduction to network infrastructure.\",\"comment\":\"Understood server room standards.\"},\"tuesday\":{\"task\":\"Terminating Ethernet cables (CAT6) with RJ45 connectors.\",\"comment\":\"Crimrep 10 patch cords.\"},\"wednesday\":{\"task\":\"Testing cable continuity and diagnosing faulty connections.\",\"comment\":\"Used cable tester tool.\"},\"thursday\":{\"task\":\"Documenting network racks and labeling patch panels.\",\"comment\":\"Created detailed rack mapping schema.\"},\"friday\":{\"task\":\"Helping deploy wireless access points in the office.\",\"comment\":\"Mounted APs in West Wing.\"}}', 'Approved', 'Solid beginning. Keep notes on wiring standards.', 'James showed strong physical layer implementation skills.');

-- Week 2
INSERT INTO `logbook` (`AttachmentID`, `WeekNumber`, `StartDate`, `EndDate`, `Activities`, `Status`, `AcademicSupervisorComments`, `HostSupervisorComments`) VALUES
(5, 2, '2026-05-11', '2026-05-15', '{\"monday\":{\"task\":\"Reviewing IPv4 addressing and CIDR notation.\",\"comment\":\"Reviewed routing prefix divisions.\"},\"tuesday\":{\"task\":\"Planning a subnet scheme for a new office department.\",\"comment\":\"Divided /24 space to 4 subnets.\"},\"wednesday\":{\"task\":\"Configuring static IP addresses on servers and printers.\",\"comment\":\"Assigned printer static mappings.\"},\"thursday\":{\"task\":\"Troubleshooting IP conflicts on the local network.\",\"comment\":\"Identified conflict with rogue devices.\"},\"friday\":{\"task\":\"Setting up a local DHCP server pool.\",\"comment\":\"Allocated leasing schedules.\"}}', 'Approved', 'Subnetting is very core to networking. Good IP conflict debugging.', 'The DHCP pool setup works perfectly for the test subnets.'),
(12, 2, '2026-05-11', '2026-05-15', '{\"monday\":{\"task\":\"Reviewing IPv4 addressing and CIDR notation.\",\"comment\":\"Reviewed routing prefix divisions.\"},\"tuesday\":{\"task\":\"Planning a subnet scheme for a new office department.\",\"comment\":\"Divided /24 space to 4 subnets.\"},\"wednesday\":{\"task\":\"Configuring static IP addresses on servers and printers.\",\"comment\":\"Assigned printer static mappings.\"},\"thursday\":{\"task\":\"Troubleshooting IP conflicts on the local network.\",\"comment\":\"Identified conflict with rogue devices.\"},\"friday\":{\"task\":\"Setting up a local DHCP server pool.\",\"comment\":\"Allocated leasing schedules.\"}}', 'Approved', 'Keep analyzing dynamic IP leasing settings.', 'Alice planned a very efficient subnet allocation map.'),
(19, 2, '2026-05-11', '2026-05-15', '{\"monday\":{\"task\":\"Reviewing IPv4 addressing and CIDR notation.\",\"comment\":\"Reviewed routing prefix divisions.\"},\"tuesday\":{\"task\":\"Planning a subnet scheme for a new office department.\",\"comment\":\"Divided /24 space to 4 subnets.\"},\"wednesday\":{\"task\":\"Configuring static IP addresses on servers and printers.\",\"comment\":\"Assigned printer static mappings.\"},\"thursday\":{\"task\":\"Troubleshooting IP conflicts on the local network.\",\"comment\":\"Identified conflict with rogue devices.\"},\"friday\":{\"task\":\"Setting up a local DHCP server pool.\",\"comment\":\"Allocated leasing schedules.\"}}', 'Approved', 'Excellent CIDR partitioning layout details.', 'James completed static server bindings without errors.');

-- Week 3
INSERT INTO `logbook` (`AttachmentID`, `WeekNumber`, `StartDate`, `EndDate`, `Activities`, `Status`, `AcademicSupervisorComments`, `HostSupervisorComments`) VALUES
(5, 3, '2026-05-18', '2026-05-22', '{\"monday\":{\"task\":\"Connecting to routers using console cables and PuTTY.\",\"comment\":\"Configured terminal speeds.\"},\"tuesday\":{\"task\":\"Configuring basic switch security settings (SSH, passwords).\",\"comment\":\"Set SSH encryption key layers.\"},\"wednesday\":{\"task\":\"Setting up Virtual LANs (VLANs) on a Cisco switch.\",\"comment\":\"Divided port segments to VLAN 10 and 20.\"},\"thursday\":{\"task\":\"Configuring Inter-VLAN routing on a Layer 3 switch.\",\"comment\":\"Established SVI configurations.\"},\"friday\":{\"task\":\"Testing network connectivity between different VLANs.\",\"comment\":\"Successful ping responses across VLANs.\"}}', 'Approved', 'Great switch configurations. SVIs are essential for VLAN routing.', 'Patrick showed high confidence using Cisco CLI controls.'),
(12, 3, '2026-05-18', '2026-05-22', '{\"monday\":{\"task\":\"Connecting to routers using console cables and PuTTY.\",\"comment\":\"Configured terminal speeds.\"},\"tuesday\":{\"task\":\"Configuring basic switch security settings (SSH, passwords).\",\"comment\":\"Set SSH encryption key layers.\"},\"wednesday\":{\"task\":\"Setting up Virtual LANs (VLANs) on a Cisco switch.\",\"comment\":\"Divided port segments to VLAN 10 and 20.\"},\"thursday\":{\"task\":\"Configuring Inter-VLAN routing on a Layer 3 switch.\",\"comment\":\"Established SVI configurations.\"},\"friday\":{\"task\":\"Testing network connectivity between different VLANs.\",\"comment\":\"Successful ping responses across VLANs.\"}}', 'Approved', 'VLAN configurations are core logic.', 'Alice successfully partitioned test switch ports to VLANs.'),
(19, 3, '2026-05-18', '2026-05-22', '{\"monday\":{\"task\":\"Connecting to routers using console cables and PuTTY.\",\"comment\":\"Configured terminal speeds.\"},\"tuesday\":{\"task\":\"Configuring basic switch security settings (SSH, passwords).\",\"comment\":\"Set SSH encryption key layers.\"},\"wednesday\":{\"task\":\"Setting up Virtual LANs (VLANs) on a Cisco switch.\",\"comment\":\"Divided port segments to VLAN 10 and 20.\"},\"thursday\":{\"task\":\"Configuring Inter-VLAN routing on a Layer 3 switch.\",\"comment\":\"Established SVI configurations.\"},\"friday\":{\"task\":\"Testing network connectivity between different VLANs.\",\"comment\":\"Successful ping responses across VLANs.\"}}', 'Approved', 'Excellent CLI access configuration.', 'James configured terminal password rules with high precision.');

-- Week 4
INSERT INTO `logbook` (`AttachmentID`, `WeekNumber`, `StartDate`, `EndDate`, `Activities`, `Status`, `AcademicSupervisorComments`, `HostSupervisorComments`) VALUES
(5, 4, '2026-05-25', '2026-05-29', '{\"monday\":{\"task\":\"Learning about static routing vs dynamic routing.\",\"comment\":\"Reviewed route priority levels.\"},\"tuesday\":{\"task\":\"Configuring OSPF routing protocol on three test routers.\",\"comment\":\"Set up area 0 configurations.\"},\"wednesday\":{\"task\":\"Testing OSPF path convergence and link failures.\",\"comment\":\"Monitored routing tables adjustment.\"},\"thursday\":{\"task\":\"Configuring NAT and PAT on the edge router.\",\"comment\":\"Translated private addresses to WAN interface.\"},\"friday\":{\"task\":\"Backing up router configurations to a TFTP server.\",\"comment\":\"Successfully backed up running config.\"}}', 'Approved', 'Good practical exposure to Dynamic Routing (OSPF) and NAT.', 'Patrick managed path failure troubleshooting tasks well.'),
(12, 4, '2026-05-25', '2026-05-29', '{\"monday\":{\"task\":\"Learning about static routing vs dynamic routing.\",\"comment\":\"Reviewed route priority levels.\"},\"tuesday\":{\"task\":\"Configuring OSPF routing protocol on three test routers.\",\"comment\":\"Set up area 0 configurations.\"},\"wednesday\":{\"task\":\"Testing OSPF path convergence and link failures.\",\"comment\":\"Monitored routing tables adjustment.\"},\"thursday\":{\"task\":\"Configuring NAT and PAT on the edge router.\",\"comment\":\"Translated private addresses to WAN interface.\"},\"friday\":{\"task\":\"Backing up router configurations to a TFTP server.\",\"comment\":\"Successfully backed up running config.\"}}', 'Approved', 'OSPF path convergence is key to network scaling. Good job.', 'Alice configured NAT pools correctly on our test gateways.'),
(19, 4, '2026-05-25', '2026-05-29', '{\"monday\":{\"task\":\"Learning about static routing vs dynamic routing.\",\"comment\":\"Reviewed route priority levels.\"},\"tuesday\":{\"task\":\"Configuring OSPF routing protocol on three test routers.\",\"comment\":\"Set up area 0 configurations.\"},\"wednesday\":{\"task\":\"Testing OSPF path convergence and link failures.\",\"comment\":\"Monitored routing tables adjustment.\"},\"thursday\":{\"task\":\"Configuring NAT and PAT on the edge router.\",\"comment\":\"Translated private addresses to WAN interface.\"},\"friday\":{\"task\":\"Backing up router configurations to a TFTP server.\",\"comment\":\"Successfully backed up running config.\"}}', 'Approved', 'Very systematic routing configurations.', 'James backup checks on TFTP servers were well-documented.');

-- Week 5
INSERT INTO `logbook` (`AttachmentID`, `WeekNumber`, `StartDate`, `EndDate`, `Activities`, `Status`, `AcademicSupervisorComments`, `HostSupervisorComments`) VALUES
(5, 5, '2026-06-01', '2026-06-05', '{\"monday\":{\"task\":\"Configuring WPA3 security on corporate wireless networks.\",\"comment\":\"Set up enterprise encryption parameters.\"},\"tuesday\":{\"task\":\"Setting up a guest Wi-Fi portal with speed limits.\",\"comment\":\"Implemented captive portal loops.\"},\"wednesday\":{\"task\":\"Writing standard Access Control Lists (ACLs) to block specific ports.\",\"comment\":\"Blocked internal access to SMTP port.\"},\"thursday\":{\"task\":\"Implementing MAC address filtering on wireless access points.\",\"comment\":\"Created dynamic allow rules lists.\"},\"friday\":{\"task\":\"Running a wireless survey to identify signal dead zones.\",\"comment\":\"Mapped signal strength using NetSpot software.\"}}', 'Approved', 'Wireless site surveys and ACL setups are excellent practical tasks. Good work.', 'Captive portal is working stably in client areas.'),
(12, 5, '2026-06-01', '2026-06-05', '{\"monday\":{\"task\":\"Configuring WPA3 security on corporate wireless networks.\",\"comment\":\"Set up enterprise encryption parameters.\"},\"tuesday\":{\"task\":\"Setting up a guest Wi-Fi portal with speed limits.\",\"comment\":\"Implemented captive portal loops.\"},\"wednesday\":{\"task\":\"Writing standard Access Control Lists (ACLs) to block specific ports.\",\"comment\":\"Blocked internal access to SMTP port.\"},\"thursday\":{\"task\":\"Implementing MAC address filtering on wireless access points.\",\"comment\":\"Created dynamic allow rules lists.\"},\"friday\":{\"task\":\"Running a wireless survey to identify signal dead zones.\",\"comment\":\"Mapped signal strength using NetSpot software.\"}}', 'Approved', 'ACL configurations require strict attention to order. Nice job.', 'Alice mapped wireless coverage anomalies accurately.'),
(19, 5, '2026-06-01', '2026-06-05', '{\"monday\":{\"task\":\"Configuring WPA3 security on corporate wireless networks.\",\"comment\":\"Set up enterprise encryption parameters.\"},\"tuesday\":{\"task\":\"Setting up a guest Wi-Fi portal with speed limits.\",\"comment\":\"Implemented captive portal loops.\"},\"wednesday\":{\"task\":\"Writing standard Access Control Lists (ACLs) to block specific ports.\",\"comment\":\"Blocked internal access to SMTP port.\"},\"thursday\":{\"task\":\"Implementing MAC address filtering on wireless access points.\",\"comment\":\"Created dynamic allow rules lists.\"},\"friday\":{\"task\":\"Running a wireless survey to identify signal dead zones.\",\"comment\":\"Mapped signal strength using NetSpot software.\"}}', 'Approved', 'Solid security grouping.', 'James contributed very well in locking down our wireless networks.');

-- Week 6 (Pending)
INSERT INTO `logbook` (`AttachmentID`, `WeekNumber`, `StartDate`, `EndDate`, `Activities`, `Status`, `AcademicSupervisorComments`, `HostSupervisorComments`) VALUES
(5, 6, '2026-06-08', '2026-06-12', '{\"monday\":{\"task\":\"Setting up network monitoring using Zabbix/Nagios.\",\"comment\":\"Configured network agent listings.\"},\"tuesday\":{\"task\":\"Configuring SNMP on network devices to send alerts.\",\"comment\":\"Enabled SNMP traps on core switch.\"},\"wednesday\":{\"task\":\"Configuring a Site-to-Site VPN tunnel between offices.\",\"comment\":\"Set up IPsec Phase 1 rules.\"},\"thursday\":{\"task\":\"Troubleshooting VPN packet loss and connection drops.\",\"comment\":\"Adjusted MTU size to 1400.\"},\"friday\":{\"task\":\"Documenting the completed network topology.\",\"comment\":\"Drawn with Visio mapping tools.\"}}', 'Pending', NULL, NULL),
(12, 6, '2026-06-08', '2026-06-12', '{\"monday\":{\"task\":\"Setting up network monitoring using Zabbix/Nagios.\",\"comment\":\"Configured network agent listings.\"},\"tuesday\":{\"task\":\"Configuring SNMP on network devices to send alerts.\",\"comment\":\"Enabled SNMP traps on core switch.\"},\"wednesday\":{\"task\":\"Configuring a Site-to-Site VPN tunnel between offices.\",\"comment\":\"Set up IPsec Phase 1 rules.\"},\"thursday\":{\"task\":\"Troubleshooting VPN packet loss and connection drops.\",\"comment\":\"Adjusted MTU size to 1400.\"},\"friday\":{\"task\":\"Documenting the completed network topology.\",\"comment\":\"Drawn with Visio mapping tools.\"}}', 'Pending', NULL, NULL),
(19, 6, '2026-06-08', '2026-06-12', '{\"monday\":{\"task\":\"Setting up network monitoring using Zabbix/Nagios.\",\"comment\":\"Configured network agent listings.\"},\"tuesday\":{\"task\":\"Configuring SNMP on network devices to send alerts.\",\"comment\":\"Enabled SNMP traps on core switch.\"},\"wednesday\":{\"task\":\"Configuring a Site-to-Site VPN tunnel between offices.\",\"comment\":\"Set up IPsec Phase 1 rules.\"},\"thursday\":{\"task\":\"Troubleshooting VPN packet loss and connection drops.\",\"comment\":\"Adjusted MTU size to 1400.\"},\"friday\":{\"task\":\"Documenting the completed network topology.\",\"comment\":\"Drawn with Visio mapping tools.\"}}', 'Pending', NULL, NULL);


-- STUDENT 7, 14 (Role: IT Support & System Administration Intern)
-- Week 1
INSERT INTO `logbook` (`AttachmentID`, `WeekNumber`, `StartDate`, `EndDate`, `Activities`, `Status`, `AcademicSupervisorComments`, `HostSupervisorComments`) VALUES
(7, 1, '2026-05-04', '2026-05-08', '{\"monday\":{\"task\":\"Logging into the ticketing system and learning queue management.\",\"comment\":\"Familiarized with dashboard tickets sorting.\"},\"tuesday\":{\"task\":\"Installing Windows 11 and Ubuntu on new desktop computers.\",\"comment\":\"Configured partition mappings.\"},\"wednesday\":{\"task\":\"Configuring hardware upgrades (RAM, SSDs) on client machines.\",\"comment\":\"Upgraded 4 support laptops.\"},\"thursday\":{\"task\":\"Installing drivers and resolving peripheral connection issues.\",\"comment\":\"Resolved sound driver errors.\"},\"friday\":{\"task\":\"Resolving simple user software installation tickets.\",\"comment\":\"Completed 5 general software setups.\"}}', 'Approved', 'Great entry. Practical hardware setups are crucial support skills.', 'Faith has proven highly capable with hardware adjustments.'),
(14, 1, '2026-05-04', '2026-05-08', '{\"monday\":{\"task\":\"Logging into the ticketing system and learning queue management.\",\"comment\":\"Familiarized with dashboard tickets sorting.\"},\"tuesday\":{\"task\":\"Installing Windows 11 and Ubuntu on new desktop computers.\",\"comment\":\"Configured partition mappings.\"},\"wednesday\":{\"task\":\"Configuring hardware upgrades (RAM, SSDs) on client machines.\",\"comment\":\"Upgraded 4 support laptops.\"},\"thursday\":{\"task\":\"Installing drivers and resolving peripheral connection issues.\",\"comment\":\"Resolved sound driver errors.\"},\"friday\":{\"task\":\"Resolving simple user software installation tickets.\",\"comment\":\"Completed 5 general software setups.\"}}', 'Approved', 'Good practical coverage. Keep documenting hardware issues.', 'Amina works very methodically to close queued tickets.');

-- Week 2
INSERT INTO `logbook` (`AttachmentID`, `WeekNumber`, `StartDate`, `EndDate`, `Activities`, `Status`, `AcademicSupervisorComments`, `HostSupervisorComments`) VALUES
(7, 2, '2026-05-11', '2026-05-15', '{\"monday\":{\"task\":\"Introduction to Active Directory Domain Services (AD DS).\",\"comment\":\"Learned about domain structures.\"},\"tuesday\":{\"task\":\"Creating user accounts, resetting passwords, and unlocking users.\",\"comment\":\"Handled 12 password resets tickets.\"},\"wednesday\":{\"task\":\"Grouping users into Organizational Units (OUs) for permissions.\",\"comment\":\"Created OUs for accounting team.\"},\"thursday\":{\"task\":\"Configuring Group Policy Objects (GPOs) for browser settings.\",\"comment\":\"Disabled extension installations.\"},\"friday\":{\"task\":\"Adding computer accounts to the local domain.\",\"comment\":\"Added 5 laptops to domain controllers.\"}}', 'Approved', 'Active Directory is very core to support roles. Good understanding of GPOs.', 'Faith configured the domain accounts correctly.'),
(14, 2, '2026-05-11', '2026-05-15', '{\"monday\":{\"task\":\"Introduction to Active Directory Domain Services (AD DS).\",\"comment\":\"Learned about domain structures.\"},\"tuesday\":{\"task\":\"Creating user accounts, resetting passwords, and unlocking users.\",\"comment\":\"Handled 12 password resets tickets.\"},\"wednesday\":{\"task\":\"Grouping users into Organizational Units (OUs) for permissions.\",\"comment\":\"Created OUs for accounting team.\"},\"thursday\":{\"task\":\"Configuring Group Policy Objects (GPOs) for browser settings.\",\"comment\":\"Disabled extension installations.\"},\"friday\":{\"task\":\"Adding computer accounts to the local domain.\",\"comment\":\"Added 5 laptops to domain controllers.\"}}', 'Approved', 'Good practical review. GPO limits are excellent tools.', 'Amina completed domain configurations without problems.');

-- Week 3
INSERT INTO `logbook` (`AttachmentID`, `WeekNumber`, `StartDate`, `EndDate`, `Activities`, `Status`, `AcademicSupervisorComments`, `HostSupervisorComments`) VALUES
(7, 3, '2026-05-18', '2026-05-22', '{\"monday\":{\"task\":\"Setting up automatic data backup tasks in Windows Server.\",\"comment\":\"Created schedule configurations.\"},\"tuesday\":{\"task\":\"Restoring files from shadow copies and daily backups.\",\"comment\":\"Verified restore capabilities.\"},\"wednesday\":{\"task\":\"Verifying integrity of offsite cloud backups.\",\"comment\":\"Validated hashes data match.\"},\"thursday\":{\"task\":\"Recovering user profiles from corrupted system drives.\",\"comment\":\"Transferred data via USB bridges.\"},\"friday\":{\"task\":\"Implementing access permissions on network shared folders.\",\"comment\":\"Set up folder permissions limits.\"}}', 'Approved', 'Backups and profile recovery are highly relevant topics. Nice details.', 'Good support response on shared drive folders setup.'),
(14, 3, '2026-05-18', '2026-05-22', '{\"monday\":{\"task\":\"Setting up automatic data backup tasks in Windows Server.\",\"comment\":\"Created schedule configurations.\"},\"tuesday\":{\"task\":\"Restoring files from shadow copies and daily backups.\",\"comment\":\"Verified restore capabilities.\"},\"wednesday\":{\"task\":\"Verifying integrity of offsite cloud backups.\",\"comment\":\"Validated hashes data match.\"},\"thursday\":{\"task\":\"Recovering user profiles from corrupted system drives.\",\"comment\":\"Transferred data via USB bridges.\"},\"friday\":{\"task\":\"Implementing access permissions on network shared folders.\",\"comment\":\"Set up folder permissions limits.\"}}', 'Approved', 'Glad to see you checking restoration validation.', 'Excellent execution on folder backup scheduling.');

-- Week 4
INSERT INTO `logbook` (`AttachmentID`, `WeekNumber`, `StartDate`, `EndDate`, `Activities`, `Status`, `AcademicSupervisorComments`, `HostSupervisorComments`) VALUES
(7, 4, '2026-05-25', '2026-05-29', '{\"monday\":{\"task\":\"Configuring WSUS (Windows Server Update Services) to manage updates.\",\"comment\":\"Set up target client groups.\"},\"tuesday\":{\"task\":\"Approving patches for development and production environments.\",\"comment\":\"Approved KB security updates.\"},\"wednesday\":{\"task\":\"Troubleshooting failed security updates on client laptops.\",\"comment\":\"Cleaned SoftwareDistribution directory.\"},\"thursday\":{\"task\":\"Scanning client PCs for unauthorized software.\",\"comment\":\"Identified 3 unauthorized extensions.\"},\"friday\":{\"task\":\"Running antivirus scans and cleaning malware infections.\",\"comment\":\"Quarantined system trojans.\"}}', 'Approved', 'Good practical coverage of centralized updates and WSUS.', 'Faith helped clean up staging PC update conflicts.'),
(14, 4, '2026-05-25', '2026-05-29', '{\"monday\":{\"task\":\"Configuring WSUS (Windows Server Update Services) to manage updates.\",\"comment\":\"Set up target client groups.\"},\"tuesday\":{\"task\":\"Approving patches for development and production environments.\",\"comment\":\"Approved KB security updates.\"},\"wednesday\":{\"task\":\"Troubleshooting failed security updates on client laptops.\",\"comment\":\"Cleaned SoftwareDistribution directory.\"},\"thursday\":{\"task\":\"Scanning client PCs for unauthorized software.\",\"comment\":\"Identified 3 unauthorized extensions.\"},\"friday\":{\"task\":\"Running antivirus scans and cleaning malware infections.\",\"comment\":\"Quarantined system trojans.\"}}', 'Approved', 'WSUS configurations look clean.', 'Amina worked carefully on patching schedule checks.');

-- Week 5
INSERT INTO `logbook` (`AttachmentID`, `WeekNumber`, `StartDate`, `EndDate`, `Activities`, `Status`, `AcademicSupervisorComments`, `HostSupervisorComments`) VALUES
(7, 5, '2026-06-01', '2026-06-05', '{\"monday\":{\"task\":\"Learning Hyper-V and VMware ESXi virtualization.\",\"comment\":\"Studied hypervisor layers.\"},\"tuesday\":{\"task\":\"Creating and configuring Virtual Machines (VMs) on a host.\",\"comment\":\"Deployed test Ubuntu VM.\"},\"wednesday\":{\"task\":\"Allocating CPU, RAM, and storage dynamic resources to VMs.\",\"comment\":\"Assigned dynamic memory limits.\"},\"thursday\":{\"task\":\"Configuring network bridge adapters for virtual servers.\",\"comment\":\"Linked VM to WAN subnet.\"},\"friday\":{\"task\":\"Reviewing server temperature logs and hardware health.\",\"comment\":\"Logged server fan speed data.\"}}', 'Approved', 'Virtualization is very standard for corporate systems support. Excellent progress.', 'Faith created VM bridges correctly in our server sandbox.'),
(14, 5, '2026-06-01', '2026-06-05', '{\"monday\":{\"task\":\"Learning Hyper-V and VMware ESXi virtualization.\",\"comment\":\"Studied hypervisor layers.\"},\"tuesday\":{\"task\":\"Creating and configuring Virtual Machines (VMs) on a host.\",\"comment\":\"Deployed test Ubuntu VM.\"},\"wednesday\":{\"task\":\"Allocating CPU, RAM, and storage dynamic resources to VMs.\",\"comment\":\"Assigned dynamic memory limits.\"},\"thursday\":{\"task\":\"Configuring network bridge adapters for virtual servers.\",\"comment\":\"Linked VM to WAN subnet.\"},\"friday\":{\"task\":\"Reviewing server temperature logs and hardware health.\",\"comment\":\"Logged server fan speed data.\"}}', 'Approved', 'Keep analyzing dynamic resource limits.', 'Amina has completed VM networking bridges without errors.');

-- Week 6 (Pending)
INSERT INTO `logbook` (`AttachmentID`, `WeekNumber`, `StartDate`, `EndDate`, `Activities`, `Status`, `AcademicSupervisorComments`, `HostSupervisorComments`) VALUES
(7, 6, '2026-06-08', '2026-06-12', '{\"monday\":{\"task\":\"Resolving complex print server and network printer issues.\",\"comment\":\"Cleaned spooler logs.\"},\"tuesday\":{\"task\":\"Troubleshooting VPN connection issues for remote staff.\",\"comment\":\"Configured firewall client ports.\"},\"wednesday\":{\"task\":\"Creating step-by-step user guides for standard software setups.\",\"comment\":\"Completed MS Teams setups document.\"},\"thursday\":{\"task\":\"Completing audit of office hardware assets.\",\"comment\":\"Audited 30 desks.\"},\"friday\":{\"task\":\"Final handoff of open support tickets.\",\"comment\":\"Closed all pending tickets.\"}}', 'Pending', NULL, NULL),
(14, 6, '2026-06-08', '2026-06-12', '{\"monday\":{\"task\":\"Resolving complex print server and network printer issues.\",\"comment\":\"Cleaned spooler logs.\"},\"tuesday\":{\"task\":\"Troubleshooting VPN connection issues for remote staff.\",\"comment\":\"Configured firewall client ports.\"},\"wednesday\":{\"task\":\"Creating step-by-step user guides for standard software setups.\",\"comment\":\"Completed MS Teams setups document.\"},\"thursday\":{\"task\":\"Completing audit of office hardware assets.\",\"comment\":\"Audited 30 desks.\"},\"friday\":{\"task\":\"Final handoff of open support tickets.\",\"comment\":\"Closed all pending tickets.\"}}', 'Pending', NULL, NULL);

-- -------------------------------------------------------------
-- 11. GENERATE THE REMAINING LOGBOOK ENTRIES
-- (To ensure all 20 students have logbooks)
-- We replicate roles for student IDs 16, 17, 18, 19, 20 above.
-- Now we insert for student IDs 11 (Web Dev), 12 (Network), 13 (Cloud), 14 (IT Support)
-- Wait! Student IDs 11, 12, 13, 14, 15, 16, 17, 18, 19, 20 are already handled in previous INSERT statements:
--   Role 1: Student 1, 8, 15 (Handled)
--   Role 2: Student 2, 9, 16 (Handled)
--   Role 3: Student 3, 10, 17 (Handled)
--   Role 4: Student 4, 11, 18 (Handled)
--   Role 5: Student 5, 12, 19 (Handled)
--   Role 6: Student 6, 13, 20 (Handled)
--   Role 7: Student 7, 14 (Handled)
-- Therefore, all 20 students have logbook entries from Weeks 1 to 6!
-- -------------------------------------------------------------
